Name,Slug,Category,Reference to taxonomy,Definition,Evidence / Research,Source,Confidence,Potential value,Value type,Operational/ROI impact,Good example,Bad example,Enterprise insurance application,OGI user considerations,Potential metrics/signals,Checklist prompt,Number
Visibility of system status,visibility-of-system-status,Usability heuristics,Usability heuristics,"Visibility of system status is an experience quality consideration within usability heuristics that affects how users understand, navigate or complete work.","Core usability heuristics reduce confusion, error and user effort.",Nielsen Norman Group,High,"Reduced friction, clearer decisions and more consistent experience quality.",Experience Quality + Operational Efficiency,"May reduce rework, support demand, task time, user error, accessibility risk or design inconsistency depending on the workflow volume and severity.","The product applies visibility of system status deliberately within the workflow so users can understand the state, make the right decision and complete the task confidently.","The product ignores visibility of system status, increasing confusion, user effort, accessibility risk or operational friction.","Relevant to broker portals, PAS workflows, quote-and-buy journeys, customer portals, claims, documents, MTAs and servicing tasks.","Apply with context. PAS users may need dense data, shortcuts and persistent workflow context; clarity should support speed, not hide useful information.","task completion rate, time on task, support themes, usability test observations.","Can a user complete this workflow with appropriate visibility of system status without unnecessary confusion, friction or risk?",1
Match with real-world language,match-with-real-world-language,Usability heuristics,Usability heuristics,"Match with real-world language is an experience quality consideration within usability heuristics that affects how users understand, navigate or complete work.","Core usability heuristics reduce confusion, error and user effort.",Nielsen Norman Group,High,"Reduced friction, clearer decisions and more consistent experience quality.",Experience Quality + Operational Efficiency,"May reduce rework, support demand, task time, user error, accessibility risk or design inconsistency depending on the workflow volume and severity.","The product applies match with real-world language deliberately within the workflow so users can understand the state, make the right decision and complete the task confidently.","The product ignores match with real-world language, increasing confusion, user effort, accessibility risk or operational friction.","Relevant to broker portals, PAS workflows, quote-and-buy journeys, customer portals, claims, documents, MTAs and servicing tasks.","Apply with context. PAS users may need dense data, shortcuts and persistent workflow context; clarity should support speed, not hide useful information.","task completion rate, time on task, support themes, usability test observations.","Can a user complete this workflow with appropriate match with real-world language without unnecessary confusion, friction or risk?",2
Recognition rather than recall,recognition-rather-than-recall,Usability heuristics,Usability heuristics,"Recognition rather than recall is an experience quality consideration within usability heuristics that affects how users understand, navigate or complete work.","Core usability heuristics reduce confusion, error and user effort.",Nielsen Norman Group,High,"Reduced friction, clearer decisions and more consistent experience quality.",Experience Quality + Operational Efficiency,"May reduce rework, support demand, task time, user error, accessibility risk or design inconsistency depending on the workflow volume and severity.","The product applies recognition rather than recall deliberately within the workflow so users can understand the state, make the right decision and complete the task confidently.","The product ignores recognition rather than recall, increasing confusion, user effort, accessibility risk or operational friction.","Relevant to broker portals, PAS workflows, quote-and-buy journeys, customer portals, claims, documents, MTAs and servicing tasks.","Apply with context. PAS users may need dense data, shortcuts and persistent workflow context; clarity should support speed, not hide useful information.","task completion rate, time on task, support themes, usability test observations.","Can a user complete this workflow with appropriate recognition rather than recall without unnecessary confusion, friction or risk?",3
User control and freedom,user-control-and-freedom,Usability heuristics,Usability heuristics,"User control and freedom is an experience quality consideration within usability heuristics that affects how users understand, navigate or complete work.","Core usability heuristics reduce confusion, error and user effort.",Nielsen Norman Group,High,"Reduced friction, clearer decisions and more consistent experience quality.",Experience Quality + Operational Efficiency,"May reduce rework, support demand, task time, user error, accessibility risk or design inconsistency depending on the workflow volume and severity.","The product applies user control and freedom deliberately within the workflow so users can understand the state, make the right decision and complete the task confidently.","The product ignores user control and freedom, increasing confusion, user effort, accessibility risk or operational friction.","Relevant to broker portals, PAS workflows, quote-and-buy journeys, customer portals, claims, documents, MTAs and servicing tasks.","Apply with context. PAS users may need dense data, shortcuts and persistent workflow context; clarity should support speed, not hide useful information.","task completion rate, time on task, support themes, usability test observations.","Can a user complete this workflow with appropriate user control and freedom without unnecessary confusion, friction or risk?",4
Consistency and standards,consistency-and-standards,Usability heuristics,Usability heuristics,"Consistency and standards is an experience quality consideration within usability heuristics that affects how users understand, navigate or complete work.","Core usability heuristics reduce confusion, error and user effort.",Nielsen Norman Group,High,"Reduced friction, clearer decisions and more consistent experience quality.",Experience Quality + Operational Efficiency,"May reduce rework, support demand, task time, user error, accessibility risk or design inconsistency depending on the workflow volume and severity.","The product applies consistency and standards deliberately within the workflow so users can understand the state, make the right decision and complete the task confidently.","The product ignores consistency and standards, increasing confusion, user effort, accessibility risk or operational friction.","Relevant to broker portals, PAS workflows, quote-and-buy journeys, customer portals, claims, documents, MTAs and servicing tasks.","Apply with context. PAS users may need dense data, shortcuts and persistent workflow context; clarity should support speed, not hide useful information.","task completion rate, time on task, support themes, usability test observations.","Can a user complete this workflow with appropriate consistency and standards without unnecessary confusion, friction or risk?",5
Error prevention,error-prevention,Usability heuristics,Usability heuristics,"Error prevention is an experience quality consideration within usability heuristics that affects how users understand, navigate or complete work.","Core usability heuristics reduce confusion, error and user effort.",Nielsen Norman Group,High,"Reduced friction, clearer decisions and more consistent experience quality.",Experience Quality + Operational Efficiency,"May reduce rework, support demand, task time, user error, accessibility risk or design inconsistency depending on the workflow volume and severity.",The system prevents invalid dates and explains field errors clearly at the point of entry.,Users complete a long form then receive a generic error message with no clear location or recovery guidance.,"Relevant to broker portals, PAS workflows, quote-and-buy journeys, customer portals, claims, documents, MTAs and servicing tasks.","Apply with context. PAS users may need dense data, shortcuts and persistent workflow context; clarity should support speed, not hide useful information.","task completion rate, time on task, support themes, usability test observations.","Can a user complete this workflow with appropriate error prevention without unnecessary confusion, friction or risk?",6
Flexibility and efficiency of use,flexibility-and-efficiency-of-use,Usability heuristics,Usability heuristics,"Flexibility and efficiency of use is an experience quality consideration within usability heuristics that affects how users understand, navigate or complete work.","Core usability heuristics reduce confusion, error and user effort.",Nielsen Norman Group,High,"Reduced friction, clearer decisions and more consistent experience quality.",Experience Quality + Operational Efficiency,"May reduce rework, support demand, task time, user error, accessibility risk or design inconsistency depending on the workflow volume and severity.","The product applies flexibility and efficiency of use deliberately within the workflow so users can understand the state, make the right decision and complete the task confidently.","The product ignores flexibility and efficiency of use, increasing confusion, user effort, accessibility risk or operational friction.","Relevant to broker portals, PAS workflows, quote-and-buy journeys, customer portals, claims, documents, MTAs and servicing tasks.","Apply with context. PAS users may need dense data, shortcuts and persistent workflow context; clarity should support speed, not hide useful information.","task completion rate, time on task, support themes, usability test observations.","Can a user complete this workflow with appropriate flexibility and efficiency of use without unnecessary confusion, friction or risk?",7
Aesthetic and minimalist design,aesthetic-and-minimalist-design,Usability heuristics,Usability heuristics,"Aesthetic and minimalist design is an experience quality consideration within usability heuristics that affects how users understand, navigate or complete work.","Core usability heuristics reduce confusion, error and user effort.",Nielsen Norman Group,High,"Reduced friction, clearer decisions and more consistent experience quality.",Experience Quality + Operational Efficiency,"May reduce rework, support demand, task time, user error, accessibility risk or design inconsistency depending on the workflow volume and severity.","The product applies aesthetic and minimalist design deliberately within the workflow so users can understand the state, make the right decision and complete the task confidently.","The product ignores aesthetic and minimalist design, increasing confusion, user effort, accessibility risk or operational friction.","Relevant to broker portals, PAS workflows, quote-and-buy journeys, customer portals, claims, documents, MTAs and servicing tasks.","Apply with context. PAS users may need dense data, shortcuts and persistent workflow context; clarity should support speed, not hide useful information.","task completion rate, time on task, support themes, usability test observations.","Can a user complete this workflow with appropriate aesthetic and minimalist design without unnecessary confusion, friction or risk?",8
Help users recover from errors,help-users-recover-from-errors,Usability heuristics,Usability heuristics,"Help users recover from errors is an experience quality consideration within usability heuristics that affects how users understand, navigate or complete work.","Core usability heuristics reduce confusion, error and user effort.",Nielsen Norman Group,High,"Reduced friction, clearer decisions and more consistent experience quality.",Experience Quality + Operational Efficiency,"May reduce rework, support demand, task time, user error, accessibility risk or design inconsistency depending on the workflow volume and severity.","The product applies help users recover from errors deliberately within the workflow so users can understand the state, make the right decision and complete the task confidently.","The product ignores help users recover from errors, increasing confusion, user effort, accessibility risk or operational friction.","Relevant to broker portals, PAS workflows, quote-and-buy journeys, customer portals, claims, documents, MTAs and servicing tasks.","Apply with context. PAS users may need dense data, shortcuts and persistent workflow context; clarity should support speed, not hide useful information.","task completion rate, time on task, support themes, usability test observations.","Can a user complete this workflow with appropriate help users recover from errors without unnecessary confusion, friction or risk?",9
Help and documentation,help-and-documentation,Usability heuristics,Usability heuristics,"Help and documentation is an experience quality consideration within usability heuristics that affects how users understand, navigate or complete work.","Core usability heuristics reduce confusion, error and user effort.",Nielsen Norman Group,High,"Reduced friction, clearer decisions and more consistent experience quality.",Experience Quality + Operational Efficiency,"May reduce rework, support demand, task time, user error, accessibility risk or design inconsistency depending on the workflow volume and severity.","The product applies help and documentation deliberately within the workflow so users can understand the state, make the right decision and complete the task confidently.","The product ignores help and documentation, increasing confusion, user effort, accessibility risk or operational friction.","Relevant to broker portals, PAS workflows, quote-and-buy journeys, customer portals, claims, documents, MTAs and servicing tasks.","Apply with context. PAS users may need dense data, shortcuts and persistent workflow context; clarity should support speed, not hide useful information.","task completion rate, time on task, support themes, usability test observations.","Can a user complete this workflow with appropriate help and documentation without unnecessary confusion, friction or risk?",10
Feedback loops,feedback-loops,Usability heuristics,Usability heuristics,"Feedback loops is an experience quality consideration within usability heuristics that affects how users understand, navigate or complete work.","Core usability heuristics reduce confusion, error and user effort.",Nielsen Norman Group,High,"Reduced friction, clearer decisions and more consistent experience quality.",Experience Quality + Operational Efficiency,"May reduce rework, support demand, task time, user error, accessibility risk or design inconsistency depending on the workflow volume and severity.","The product applies feedback loops deliberately within the workflow so users can understand the state, make the right decision and complete the task confidently.","The product ignores feedback loops, increasing confusion, user effort, accessibility risk or operational friction.","Relevant to broker portals, PAS workflows, quote-and-buy journeys, customer portals, claims, documents, MTAs and servicing tasks.","Apply with context. PAS users may need dense data, shortcuts and persistent workflow context; clarity should support speed, not hide useful information.","task completion rate, time on task, support themes, usability test observations.","Can a user complete this workflow with appropriate feedback loops without unnecessary confusion, friction or risk?",11
Affordances,affordances,Usability heuristics,Usability heuristics,"Affordances is an experience quality consideration within usability heuristics that affects how users understand, navigate or complete work.","Core usability heuristics reduce confusion, error and user effort.",Nielsen Norman Group,High,"Reduced friction, clearer decisions and more consistent experience quality.",Experience Quality + Operational Efficiency,"May reduce rework, support demand, task time, user error, accessibility risk or design inconsistency depending on the workflow volume and severity.","The product applies affordances deliberately within the workflow so users can understand the state, make the right decision and complete the task confidently.","The product ignores affordances, increasing confusion, user effort, accessibility risk or operational friction.","Relevant to broker portals, PAS workflows, quote-and-buy journeys, customer portals, claims, documents, MTAs and servicing tasks.","Apply with context. PAS users may need dense data, shortcuts and persistent workflow context; clarity should support speed, not hide useful information.","task completion rate, time on task, support themes, usability test observations.","Can a user complete this workflow with appropriate affordances without unnecessary confusion, friction or risk?",12
Cognitive load,cognitive-load,Cognitive psychology,Cognitive psychology,"Cognitive load is an experience quality consideration within cognitive psychology that affects how users understand, navigate or complete work.","Human memory, attention and decision-making limits affect speed, accuracy and confidence.",Cognitive psychology and interaction design research,High,"Reduced mental effort, faster decisions and fewer errors.",Operational Efficiency,"May reduce rework, support demand, task time, user error, accessibility risk or design inconsistency depending on the workflow volume and severity.","The product applies cognitive load deliberately within the workflow so users can understand the state, make the right decision and complete the task confidently.","The product ignores cognitive load, increasing confusion, user effort, accessibility risk or operational friction.","Relevant to broker portals, PAS workflows, quote-and-buy journeys, customer portals, claims, documents, MTAs and servicing tasks.","Apply with context. PAS users may need dense data, shortcuts and persistent workflow context; clarity should support speed, not hide useful information.","task completion rate, time on task, support themes, usability test observations.","Can a user complete this workflow with appropriate cognitive load without unnecessary confusion, friction or risk?",13
Working memory limits,working-memory-limits,Cognitive psychology,Cognitive psychology,"Working memory limits is an experience quality consideration within cognitive psychology that affects how users understand, navigate or complete work.","Human memory, attention and decision-making limits affect speed, accuracy and confidence.",Cognitive psychology and interaction design research,High,"Reduced mental effort, faster decisions and fewer errors.",Operational Efficiency,"May reduce rework, support demand, task time, user error, accessibility risk or design inconsistency depending on the workflow volume and severity.","The product applies working memory limits deliberately within the workflow so users can understand the state, make the right decision and complete the task confidently.","The product ignores working memory limits, increasing confusion, user effort, accessibility risk or operational friction.","Relevant to broker portals, PAS workflows, quote-and-buy journeys, customer portals, claims, documents, MTAs and servicing tasks.","Apply with context. PAS users may need dense data, shortcuts and persistent workflow context; clarity should support speed, not hide useful information.","task completion rate, time on task, support themes, usability test observations.","Can a user complete this workflow with appropriate working memory limits without unnecessary confusion, friction or risk?",14
Hick's Law,hick-s-law,Cognitive psychology,Cognitive psychology,"Hick's Law is an experience quality consideration within cognitive psychology that affects how users understand, navigate or complete work.","Human memory, attention and decision-making limits affect speed, accuracy and confidence.",Cognitive psychology and interaction design research,High,"Reduced mental effort, faster decisions and fewer errors.",Operational Efficiency,"May reduce rework, support demand, task time, user error, accessibility risk or design inconsistency depending on the workflow volume and severity.","The product applies hick's law deliberately within the workflow so users can understand the state, make the right decision and complete the task confidently.","The product ignores hick's law, increasing confusion, user effort, accessibility risk or operational friction.","Relevant to broker portals, PAS workflows, quote-and-buy journeys, customer portals, claims, documents, MTAs and servicing tasks.","Apply with context. PAS users may need dense data, shortcuts and persistent workflow context; clarity should support speed, not hide useful information.","task completion rate, time on task, support themes, usability test observations.","Can a user complete this workflow with appropriate hick's law without unnecessary confusion, friction or risk?",15
Fitts's Law,fitts-s-law,Cognitive psychology,Cognitive psychology,"Fitts's Law is an experience quality consideration within cognitive psychology that affects how users understand, navigate or complete work.","Human memory, attention and decision-making limits affect speed, accuracy and confidence.",Cognitive psychology and interaction design research,High,"Reduced mental effort, faster decisions and fewer errors.",Operational Efficiency,"May reduce rework, support demand, task time, user error, accessibility risk or design inconsistency depending on the workflow volume and severity.","The product applies fitts's law deliberately within the workflow so users can understand the state, make the right decision and complete the task confidently.","The product ignores fitts's law, increasing confusion, user effort, accessibility risk or operational friction.","Relevant to broker portals, PAS workflows, quote-and-buy journeys, customer portals, claims, documents, MTAs and servicing tasks.","Apply with context. PAS users may need dense data, shortcuts and persistent workflow context; clarity should support speed, not hide useful information.","task completion rate, time on task, support themes, usability test observations.","Can a user complete this workflow with appropriate fitts's law without unnecessary confusion, friction or risk?",16
Chunking,chunking,Cognitive psychology,Cognitive psychology,"Chunking is an experience quality consideration within cognitive psychology that affects how users understand, navigate or complete work.","Human memory, attention and decision-making limits affect speed, accuracy and confidence.",Cognitive psychology and interaction design research,High,"Reduced mental effort, faster decisions and fewer errors.",Operational Efficiency,"May reduce rework, support demand, task time, user error, accessibility risk or design inconsistency depending on the workflow volume and severity.","The product applies chunking deliberately within the workflow so users can understand the state, make the right decision and complete the task confidently.","The product ignores chunking, increasing confusion, user effort, accessibility risk or operational friction.","Relevant to broker portals, PAS workflows, quote-and-buy journeys, customer portals, claims, documents, MTAs and servicing tasks.","Apply with context. PAS users may need dense data, shortcuts and persistent workflow context; clarity should support speed, not hide useful information.","task completion rate, time on task, support themes, usability test observations.","Can a user complete this workflow with appropriate chunking without unnecessary confusion, friction or risk?",17
Mental models,mental-models,Cognitive psychology,Cognitive psychology,"Mental models is an experience quality consideration within cognitive psychology that affects how users understand, navigate or complete work.","Human memory, attention and decision-making limits affect speed, accuracy and confidence.",Cognitive psychology and interaction design research,High,"Reduced mental effort, faster decisions and fewer errors.",Operational Efficiency,"May reduce rework, support demand, task time, user error, accessibility risk or design inconsistency depending on the workflow volume and severity.","The product applies mental models deliberately within the workflow so users can understand the state, make the right decision and complete the task confidently.","The product ignores mental models, increasing confusion, user effort, accessibility risk or operational friction.","Relevant to broker portals, PAS workflows, quote-and-buy journeys, customer portals, claims, documents, MTAs and servicing tasks.","Apply with context. PAS users may need dense data, shortcuts and persistent workflow context; clarity should support speed, not hide useful information.","task completion rate, time on task, support themes, usability test observations.","Can a user complete this workflow with appropriate mental models without unnecessary confusion, friction or risk?",18
Decision fatigue,decision-fatigue,Cognitive psychology,Cognitive psychology,"Decision fatigue is an experience quality consideration within cognitive psychology that affects how users understand, navigate or complete work.","Human memory, attention and decision-making limits affect speed, accuracy and confidence.",Cognitive psychology and interaction design research,High,"Reduced mental effort, faster decisions and fewer errors.",Operational Efficiency,"May reduce rework, support demand, task time, user error, accessibility risk or design inconsistency depending on the workflow volume and severity.","The product applies decision fatigue deliberately within the workflow so users can understand the state, make the right decision and complete the task confidently.","The product ignores decision fatigue, increasing confusion, user effort, accessibility risk or operational friction.","Relevant to broker portals, PAS workflows, quote-and-buy journeys, customer portals, claims, documents, MTAs and servicing tasks.","Apply with context. PAS users may need dense data, shortcuts and persistent workflow context; clarity should support speed, not hide useful information.","task completion rate, time on task, support themes, usability test observations.","Can a user complete this workflow with appropriate decision fatigue without unnecessary confusion, friction or risk?",19
Choice overload,choice-overload,Cognitive psychology,Cognitive psychology,"Choice overload is an experience quality consideration within cognitive psychology that affects how users understand, navigate or complete work.","Human memory, attention and decision-making limits affect speed, accuracy and confidence.",Cognitive psychology and interaction design research,High,"Reduced mental effort, faster decisions and fewer errors.",Operational Efficiency,"May reduce rework, support demand, task time, user error, accessibility risk or design inconsistency depending on the workflow volume and severity.","The product applies choice overload deliberately within the workflow so users can understand the state, make the right decision and complete the task confidently.","The product ignores choice overload, increasing confusion, user effort, accessibility risk or operational friction.","Relevant to broker portals, PAS workflows, quote-and-buy journeys, customer portals, claims, documents, MTAs and servicing tasks.","Apply with context. PAS users may need dense data, shortcuts and persistent workflow context; clarity should support speed, not hide useful information.","task completion rate, time on task, support themes, usability test observations.","Can a user complete this workflow with appropriate choice overload without unnecessary confusion, friction or risk?",20
Attention hierarchy,attention-hierarchy,Cognitive psychology,Cognitive psychology,"Attention hierarchy is an experience quality consideration within cognitive psychology that affects how users understand, navigate or complete work.","Human memory, attention and decision-making limits affect speed, accuracy and confidence.",Cognitive psychology and interaction design research,High,"Reduced mental effort, faster decisions and fewer errors.",Operational Efficiency,"May reduce rework, support demand, task time, user error, accessibility risk or design inconsistency depending on the workflow volume and severity.","The product applies attention hierarchy deliberately within the workflow so users can understand the state, make the right decision and complete the task confidently.","The product ignores attention hierarchy, increasing confusion, user effort, accessibility risk or operational friction.","Relevant to broker portals, PAS workflows, quote-and-buy journeys, customer portals, claims, documents, MTAs and servicing tasks.","Apply with context. PAS users may need dense data, shortcuts and persistent workflow context; clarity should support speed, not hide useful information.","task completion rate, time on task, support themes, usability test observations.","Can a user complete this workflow with appropriate attention hierarchy without unnecessary confusion, friction or risk?",21
Change blindness,change-blindness,Cognitive psychology,Cognitive psychology,"Change blindness is an experience quality consideration within cognitive psychology that affects how users understand, navigate or complete work.","Human memory, attention and decision-making limits affect speed, accuracy and confidence.",Cognitive psychology and interaction design research,High,"Reduced mental effort, faster decisions and fewer errors.",Operational Efficiency,"May reduce rework, support demand, task time, user error, accessibility risk or design inconsistency depending on the workflow volume and severity.","The product applies change blindness deliberately within the workflow so users can understand the state, make the right decision and complete the task confidently.","The product ignores change blindness, increasing confusion, user effort, accessibility risk or operational friction.","Relevant to broker portals, PAS workflows, quote-and-buy journeys, customer portals, claims, documents, MTAs and servicing tasks.","Apply with context. PAS users may need dense data, shortcuts and persistent workflow context; clarity should support speed, not hide useful information.","task completion rate, time on task, support themes, usability test observations.","Can a user complete this workflow with appropriate change blindness without unnecessary confusion, friction or risk?",22
Peak-end rule,peak-end-rule,Cognitive psychology,Cognitive psychology,"Peak-end rule is an experience quality consideration within cognitive psychology that affects how users understand, navigate or complete work.","Human memory, attention and decision-making limits affect speed, accuracy and confidence.",Cognitive psychology and interaction design research,High,"Reduced mental effort, faster decisions and fewer errors.",Operational Efficiency,"May reduce rework, support demand, task time, user error, accessibility risk or design inconsistency depending on the workflow volume and severity.","The product applies peak-end rule deliberately within the workflow so users can understand the state, make the right decision and complete the task confidently.","The product ignores peak-end rule, increasing confusion, user effort, accessibility risk or operational friction.","Relevant to broker portals, PAS workflows, quote-and-buy journeys, customer portals, claims, documents, MTAs and servicing tasks.","Apply with context. PAS users may need dense data, shortcuts and persistent workflow context; clarity should support speed, not hide useful information.","task completion rate, time on task, support themes, usability test observations.","Can a user complete this workflow with appropriate peak-end rule without unnecessary confusion, friction or risk?",23
Primacy and recency effects,primacy-and-recency-effects,Cognitive psychology,Cognitive psychology,"Primacy and recency effects is an experience quality consideration within cognitive psychology that affects how users understand, navigate or complete work.","Human memory, attention and decision-making limits affect speed, accuracy and confidence.",Cognitive psychology and interaction design research,High,"Reduced mental effort, faster decisions and fewer errors.",Operational Efficiency,"May reduce rework, support demand, task time, user error, accessibility risk or design inconsistency depending on the workflow volume and severity.","The product applies primacy and recency effects deliberately within the workflow so users can understand the state, make the right decision and complete the task confidently.","The product ignores primacy and recency effects, increasing confusion, user effort, accessibility risk or operational friction.","Relevant to broker portals, PAS workflows, quote-and-buy journeys, customer portals, claims, documents, MTAs and servicing tasks.","Apply with context. PAS users may need dense data, shortcuts and persistent workflow context; clarity should support speed, not hide useful information.","task completion rate, time on task, support themes, usability test observations.","Can a user complete this workflow with appropriate primacy and recency effects without unnecessary confusion, friction or risk?",24
Dense information layouts,dense-information-layouts,Enterprise & productivity UX,Enterprise & productivity UX,"Dense information layouts is an experience quality consideration within enterprise & productivity ux that affects how users understand, navigate or complete work.","Enterprise users often prioritise speed, continuity, findability and efficiency over consumer-style simplification.",NN/g Enterprise UX and Microsoft Research,Medium-High,"Faster task completion, reduced context switching and improved power-user productivity.",Operational Efficiency,"May reduce rework, support demand, task time, user error, accessibility risk or design inconsistency depending on the workflow volume and severity.","A PAS dashboard provides dense but structured policy summaries, statuses, shortcuts and filters for high-frequency users.","Critical information is hidden behind multiple pages in the name of simplicity, slowing power users down.","Relevant to broker portals, PAS workflows, quote-and-buy journeys, customer portals, claims, documents, MTAs and servicing tasks.","Apply with context. PAS users may need dense data, shortcuts and persistent workflow context; clarity should support speed, not hide useful information.","clicks per task, context switches, servicing time, power-user satisfaction.","Can a user complete this workflow with appropriate dense information layouts without unnecessary confusion, friction or risk?",25
Workflow continuity,workflow-continuity,Enterprise & productivity UX,Enterprise & productivity UX,"Workflow continuity is an experience quality consideration within enterprise & productivity ux that affects how users understand, navigate or complete work.","Enterprise users often prioritise speed, continuity, findability and efficiency over consumer-style simplification.",NN/g Enterprise UX and Microsoft Research,Medium-High,"Faster task completion, reduced context switching and improved power-user productivity.",Operational Efficiency,"May reduce rework, support demand, task time, user error, accessibility risk or design inconsistency depending on the workflow volume and severity.","The product applies workflow continuity deliberately within the workflow so users can understand the state, make the right decision and complete the task confidently.","The product ignores workflow continuity, increasing confusion, user effort, accessibility risk or operational friction.","Relevant to broker portals, PAS workflows, quote-and-buy journeys, customer portals, claims, documents, MTAs and servicing tasks.","Apply with context. PAS users may need dense data, shortcuts and persistent workflow context; clarity should support speed, not hide useful information.","clicks per task, context switches, servicing time, power-user satisfaction.","Can a user complete this workflow with appropriate workflow continuity without unnecessary confusion, friction or risk?",26
Context switching,context-switching,Enterprise & productivity UX,Enterprise & productivity UX,"Context switching is an experience quality consideration within enterprise & productivity ux that affects how users understand, navigate or complete work.","Enterprise users often prioritise speed, continuity, findability and efficiency over consumer-style simplification.",NN/g Enterprise UX and Microsoft Research,Medium-High,"Faster task completion, reduced context switching and improved power-user productivity.",Operational Efficiency,"May reduce rework, support demand, task time, user error, accessibility risk or design inconsistency depending on the workflow volume and severity.","The product applies context switching deliberately within the workflow so users can understand the state, make the right decision and complete the task confidently.","The product ignores context switching, increasing confusion, user effort, accessibility risk or operational friction.","Relevant to broker portals, PAS workflows, quote-and-buy journeys, customer portals, claims, documents, MTAs and servicing tasks.","Apply with context. PAS users may need dense data, shortcuts and persistent workflow context; clarity should support speed, not hide useful information.","clicks per task, context switches, servicing time, power-user satisfaction.","Can a user complete this workflow with appropriate context switching without unnecessary confusion, friction or risk?",27
Findability,findability,Enterprise & productivity UX,Enterprise & productivity UX,"Findability is an experience quality consideration within enterprise & productivity ux that affects how users understand, navigate or complete work.","Enterprise users often prioritise speed, continuity, findability and efficiency over consumer-style simplification.",NN/g Enterprise UX and Microsoft Research,Medium-High,"Faster task completion, reduced context switching and improved power-user productivity.",Operational Efficiency,"May reduce rework, support demand, task time, user error, accessibility risk or design inconsistency depending on the workflow volume and severity.","Users can quickly find policies, customers, documents and actions using predictable search and filters.",Users must know exact navigation paths or policy references before they can find anything.,"Relevant to broker portals, PAS workflows, quote-and-buy journeys, customer portals, claims, documents, MTAs and servicing tasks.","Apply with context. PAS users may need dense data, shortcuts and persistent workflow context; clarity should support speed, not hide useful information.","clicks per task, context switches, servicing time, power-user satisfaction.","Can a user complete this workflow with appropriate findability without unnecessary confusion, friction or risk?",28
Search efficiency,search-efficiency,Enterprise & productivity UX,Enterprise & productivity UX,"Search efficiency is an experience quality consideration within enterprise & productivity ux that affects how users understand, navigate or complete work.","Enterprise users often prioritise speed, continuity, findability and efficiency over consumer-style simplification.",NN/g Enterprise UX and Microsoft Research,Medium-High,"Faster task completion, reduced context switching and improved power-user productivity.",Operational Efficiency,"May reduce rework, support demand, task time, user error, accessibility risk or design inconsistency depending on the workflow volume and severity.","Users can quickly find policies, customers, documents and actions using predictable search and filters.",Users must know exact navigation paths or policy references before they can find anything.,"Relevant to broker portals, PAS workflows, quote-and-buy journeys, customer portals, claims, documents, MTAs and servicing tasks.","Apply with context. PAS users may need dense data, shortcuts and persistent workflow context; clarity should support speed, not hide useful information.","clicks per task, context switches, servicing time, power-user satisfaction.","Can a user complete this workflow with appropriate search efficiency without unnecessary confusion, friction or risk?",29
Expert-user shortcuts,expert-user-shortcuts,Enterprise & productivity UX,Enterprise & productivity UX,"Expert-user shortcuts is an experience quality consideration within enterprise & productivity ux that affects how users understand, navigate or complete work.","Enterprise users often prioritise speed, continuity, findability and efficiency over consumer-style simplification.",NN/g Enterprise UX and Microsoft Research,Medium-High,"Faster task completion, reduced context switching and improved power-user productivity.",Operational Efficiency,"May reduce rework, support demand, task time, user error, accessibility risk or design inconsistency depending on the workflow volume and severity.",Power users can move through common servicing tasks using keyboard navigation and shortcuts.,"Every action requires mouse navigation through repeated menus, reducing speed and increasing fatigue.","Relevant to broker portals, PAS workflows, quote-and-buy journeys, customer portals, claims, documents, MTAs and servicing tasks.","Apply with context. PAS users may need dense data, shortcuts and persistent workflow context; clarity should support speed, not hide useful information.","clicks per task, context switches, servicing time, power-user satisfaction.","Can a user complete this workflow with appropriate expert-user shortcuts without unnecessary confusion, friction or risk?",30
Role-based views,role-based-views,Enterprise & productivity UX,Enterprise & productivity UX,"Role-based views is an experience quality consideration within enterprise & productivity ux that affects how users understand, navigate or complete work.","Enterprise users often prioritise speed, continuity, findability and efficiency over consumer-style simplification.",NN/g Enterprise UX and Microsoft Research,Medium-High,"Faster task completion, reduced context switching and improved power-user productivity.",Operational Efficiency,"May reduce rework, support demand, task time, user error, accessibility risk or design inconsistency depending on the workflow volume and severity.","The product applies role-based views deliberately within the workflow so users can understand the state, make the right decision and complete the task confidently.","The product ignores role-based views, increasing confusion, user effort, accessibility risk or operational friction.","Relevant to broker portals, PAS workflows, quote-and-buy journeys, customer portals, claims, documents, MTAs and servicing tasks.","Apply with context. PAS users may need dense data, shortcuts and persistent workflow context; clarity should support speed, not hide useful information.","clicks per task, context switches, servicing time, power-user satisfaction.","Can a user complete this workflow with appropriate role-based views without unnecessary confusion, friction or risk?",31
Task prioritisation,task-prioritisation,Enterprise & productivity UX,Enterprise & productivity UX,"Task prioritisation is an experience quality consideration within enterprise & productivity ux that affects how users understand, navigate or complete work.","Enterprise users often prioritise speed, continuity, findability and efficiency over consumer-style simplification.",NN/g Enterprise UX and Microsoft Research,Medium-High,"Faster task completion, reduced context switching and improved power-user productivity.",Operational Efficiency,"May reduce rework, support demand, task time, user error, accessibility risk or design inconsistency depending on the workflow volume and severity.","The product applies task prioritisation deliberately within the workflow so users can understand the state, make the right decision and complete the task confidently.","The product ignores task prioritisation, increasing confusion, user effort, accessibility risk or operational friction.","Relevant to broker portals, PAS workflows, quote-and-buy journeys, customer portals, claims, documents, MTAs and servicing tasks.","Apply with context. PAS users may need dense data, shortcuts and persistent workflow context; clarity should support speed, not hide useful information.","clicks per task, context switches, servicing time, power-user satisfaction.","Can a user complete this workflow with appropriate task prioritisation without unnecessary confusion, friction or risk?",32
Auditability,auditability,Enterprise & productivity UX,Enterprise & productivity UX,"Auditability is an experience quality consideration within enterprise & productivity ux that affects how users understand, navigate or complete work.","Enterprise users often prioritise speed, continuity, findability and efficiency over consumer-style simplification.",NN/g Enterprise UX and Microsoft Research,Medium-High,"Faster task completion, reduced context switching and improved power-user productivity.",Operational Efficiency,"May reduce rework, support demand, task time, user error, accessibility risk or design inconsistency depending on the workflow volume and severity.","The product applies auditability deliberately within the workflow so users can understand the state, make the right decision and complete the task confidently.","The product ignores auditability, increasing confusion, user effort, accessibility risk or operational friction.","Relevant to broker portals, PAS workflows, quote-and-buy journeys, customer portals, claims, documents, MTAs and servicing tasks.","Apply with context. PAS users may need dense data, shortcuts and persistent workflow context; clarity should support speed, not hide useful information.","clicks per task, context switches, servicing time, power-user satisfaction.","Can a user complete this workflow with appropriate auditability without unnecessary confusion, friction or risk?",33
Operational resilience,operational-resilience,Enterprise & productivity UX,Enterprise & productivity UX,"Operational resilience is an experience quality consideration within enterprise & productivity ux that affects how users understand, navigate or complete work.","Enterprise users often prioritise speed, continuity, findability and efficiency over consumer-style simplification.",NN/g Enterprise UX and Microsoft Research,Medium-High,"Faster task completion, reduced context switching and improved power-user productivity.",Operational Efficiency,"May reduce rework, support demand, task time, user error, accessibility risk or design inconsistency depending on the workflow volume and severity.","The product applies operational resilience deliberately within the workflow so users can understand the state, make the right decision and complete the task confidently.","The product ignores operational resilience, increasing confusion, user effort, accessibility risk or operational friction.","Relevant to broker portals, PAS workflows, quote-and-buy journeys, customer portals, claims, documents, MTAs and servicing tasks.","Apply with context. PAS users may need dense data, shortcuts and persistent workflow context; clarity should support speed, not hide useful information.","clicks per task, context switches, servicing time, power-user satisfaction.","Can a user complete this workflow with appropriate operational resilience without unnecessary confusion, friction or risk?",34
Bulk actions,bulk-actions,Enterprise & productivity UX,Enterprise & productivity UX,"Bulk actions is an experience quality consideration within enterprise & productivity ux that affects how users understand, navigate or complete work.","Enterprise users often prioritise speed, continuity, findability and efficiency over consumer-style simplification.",NN/g Enterprise UX and Microsoft Research,Medium-High,"Faster task completion, reduced context switching and improved power-user productivity.",Operational Efficiency,"May reduce rework, support demand, task time, user error, accessibility risk or design inconsistency depending on the workflow volume and severity.","The product applies bulk actions deliberately within the workflow so users can understand the state, make the right decision and complete the task confidently.","The product ignores bulk actions, increasing confusion, user effort, accessibility risk or operational friction.","Relevant to broker portals, PAS workflows, quote-and-buy journeys, customer portals, claims, documents, MTAs and servicing tasks.","Apply with context. PAS users may need dense data, shortcuts and persistent workflow context; clarity should support speed, not hide useful information.","clicks per task, context switches, servicing time, power-user satisfaction.","Can a user complete this workflow with appropriate bulk actions without unnecessary confusion, friction or risk?",35
Saved views and filters,saved-views-and-filters,Enterprise & productivity UX,Enterprise & productivity UX,"Saved views and filters is an experience quality consideration within enterprise & productivity ux that affects how users understand, navigate or complete work.","Enterprise users often prioritise speed, continuity, findability and efficiency over consumer-style simplification.",NN/g Enterprise UX and Microsoft Research,Medium-High,"Faster task completion, reduced context switching and improved power-user productivity.",Operational Efficiency,"May reduce rework, support demand, task time, user error, accessibility risk or design inconsistency depending on the workflow volume and severity.","The product applies saved views and filters deliberately within the workflow so users can understand the state, make the right decision and complete the task confidently.","The product ignores saved views and filters, increasing confusion, user effort, accessibility risk or operational friction.","Relevant to broker portals, PAS workflows, quote-and-buy journeys, customer portals, claims, documents, MTAs and servicing tasks.","Apply with context. PAS users may need dense data, shortcuts and persistent workflow context; clarity should support speed, not hide useful information.","clicks per task, context switches, servicing time, power-user satisfaction.","Can a user complete this workflow with appropriate saved views and filters without unnecessary confusion, friction or risk?",36
Inline validation,inline-validation,Forms & workflow design,Forms & workflow design,"Inline validation is an experience quality consideration within forms & workflow design that affects how users understand, navigate or complete work.","Clear forms and validation reduce failed submissions, user hesitation and support demand. Ecommerce evidence should be used directionally for quote-and-buy only.","GOV.UK Design System, Baymard, WCAG",Medium-High,"Fewer failed submissions, fewer data-entry errors and reduced rework.",Direct ROI + Risk Reduction,"May reduce rework, support demand, task time, user error, accessibility risk or design inconsistency depending on the workflow volume and severity.",The system prevents invalid dates and explains field errors clearly at the point of entry.,Users complete a long form then receive a generic error message with no clear location or recovery guidance.,"Relevant to broker portals, PAS workflows, quote-and-buy journeys, customer portals, claims, documents, MTAs and servicing tasks.","Apply with context. PAS users may need dense data, shortcuts and persistent workflow context; clarity should support speed, not hide useful information.","field error rate, failed submissions, correction time, drop-off points.","Can a user complete this workflow with appropriate inline validation without unnecessary confusion, friction or risk?",37
Error summaries,error-summaries,Forms & workflow design,Forms & workflow design,"Error summaries is an experience quality consideration within forms & workflow design that affects how users understand, navigate or complete work.","Clear forms and validation reduce failed submissions, user hesitation and support demand. Ecommerce evidence should be used directionally for quote-and-buy only.","GOV.UK Design System, Baymard, WCAG",Medium-High,"Fewer failed submissions, fewer data-entry errors and reduced rework.",Direct ROI + Risk Reduction,"May reduce rework, support demand, task time, user error, accessibility risk or design inconsistency depending on the workflow volume and severity.",The system prevents invalid dates and explains field errors clearly at the point of entry.,Users complete a long form then receive a generic error message with no clear location or recovery guidance.,"Relevant to broker portals, PAS workflows, quote-and-buy journeys, customer portals, claims, documents, MTAs and servicing tasks.","Apply with context. PAS users may need dense data, shortcuts and persistent workflow context; clarity should support speed, not hide useful information.","field error rate, failed submissions, correction time, drop-off points.","Can a user complete this workflow with appropriate error summaries without unnecessary confusion, friction or risk?",38
Field grouping,field-grouping,Forms & workflow design,Forms & workflow design,"Field grouping is an experience quality consideration within forms & workflow design that affects how users understand, navigate or complete work.","Clear forms and validation reduce failed submissions, user hesitation and support demand. Ecommerce evidence should be used directionally for quote-and-buy only.","GOV.UK Design System, Baymard, WCAG",Medium-High,"Fewer failed submissions, fewer data-entry errors and reduced rework.",Direct ROI + Risk Reduction,"May reduce rework, support demand, task time, user error, accessibility risk or design inconsistency depending on the workflow volume and severity.","The product applies field grouping deliberately within the workflow so users can understand the state, make the right decision and complete the task confidently.","The product ignores field grouping, increasing confusion, user effort, accessibility risk or operational friction.","Relevant to broker portals, PAS workflows, quote-and-buy journeys, customer portals, claims, documents, MTAs and servicing tasks.","Apply with context. PAS users may need dense data, shortcuts and persistent workflow context; clarity should support speed, not hide useful information.","field error rate, failed submissions, correction time, drop-off points.","Can a user complete this workflow with appropriate field grouping without unnecessary confusion, friction or risk?",39
Required and optional fields,required-and-optional-fields,Forms & workflow design,Forms & workflow design,"Required and optional fields is an experience quality consideration within forms & workflow design that affects how users understand, navigate or complete work.","Clear forms and validation reduce failed submissions, user hesitation and support demand. Ecommerce evidence should be used directionally for quote-and-buy only.","GOV.UK Design System, Baymard, WCAG",Medium-High,"Fewer failed submissions, fewer data-entry errors and reduced rework.",Direct ROI + Risk Reduction,"May reduce rework, support demand, task time, user error, accessibility risk or design inconsistency depending on the workflow volume and severity.","The product applies required and optional fields deliberately within the workflow so users can understand the state, make the right decision and complete the task confidently.","The product ignores required and optional fields, increasing confusion, user effort, accessibility risk or operational friction.","Relevant to broker portals, PAS workflows, quote-and-buy journeys, customer portals, claims, documents, MTAs and servicing tasks.","Apply with context. PAS users may need dense data, shortcuts and persistent workflow context; clarity should support speed, not hide useful information.","field error rate, failed submissions, correction time, drop-off points.","Can a user complete this workflow with appropriate required and optional fields without unnecessary confusion, friction or risk?",40
Progress indicators,progress-indicators,Forms & workflow design,Forms & workflow design,"Progress indicators is an experience quality consideration within forms & workflow design that affects how users understand, navigate or complete work.","Clear forms and validation reduce failed submissions, user hesitation and support demand. Ecommerce evidence should be used directionally for quote-and-buy only.","GOV.UK Design System, Baymard, WCAG",Medium-High,"Fewer failed submissions, fewer data-entry errors and reduced rework.",Direct ROI + Risk Reduction,"May reduce rework, support demand, task time, user error, accessibility risk or design inconsistency depending on the workflow volume and severity.","The product applies progress indicators deliberately within the workflow so users can understand the state, make the right decision and complete the task confidently.","The product ignores progress indicators, increasing confusion, user effort, accessibility risk or operational friction.","Relevant to broker portals, PAS workflows, quote-and-buy journeys, customer portals, claims, documents, MTAs and servicing tasks.","Apply with context. PAS users may need dense data, shortcuts and persistent workflow context; clarity should support speed, not hide useful information.","field error rate, failed submissions, correction time, drop-off points.","Can a user complete this workflow with appropriate progress indicators without unnecessary confusion, friction or risk?",41
Save and resume,save-and-resume,Forms & workflow design,Forms & workflow design,"Save and resume is an experience quality consideration within forms & workflow design that affects how users understand, navigate or complete work.","Clear forms and validation reduce failed submissions, user hesitation and support demand. Ecommerce evidence should be used directionally for quote-and-buy only.","GOV.UK Design System, Baymard, WCAG",Medium-High,"Fewer failed submissions, fewer data-entry errors and reduced rework.",Direct ROI + Risk Reduction,"May reduce rework, support demand, task time, user error, accessibility risk or design inconsistency depending on the workflow volume and severity.","The product applies save and resume deliberately within the workflow so users can understand the state, make the right decision and complete the task confidently.","The product ignores save and resume, increasing confusion, user effort, accessibility risk or operational friction.","Relevant to broker portals, PAS workflows, quote-and-buy journeys, customer portals, claims, documents, MTAs and servicing tasks.","Apply with context. PAS users may need dense data, shortcuts and persistent workflow context; clarity should support speed, not hide useful information.","field error rate, failed submissions, correction time, drop-off points.","Can a user complete this workflow with appropriate save and resume without unnecessary confusion, friction or risk?",42
Default values,default-values,Forms & workflow design,Forms & workflow design,"Default values is an experience quality consideration within forms & workflow design that affects how users understand, navigate or complete work.","Clear forms and validation reduce failed submissions, user hesitation and support demand. Ecommerce evidence should be used directionally for quote-and-buy only.","GOV.UK Design System, Baymard, WCAG",Medium-High,"Fewer failed submissions, fewer data-entry errors and reduced rework.",Direct ROI + Risk Reduction,"May reduce rework, support demand, task time, user error, accessibility risk or design inconsistency depending on the workflow volume and severity.","The product applies default values deliberately within the workflow so users can understand the state, make the right decision and complete the task confidently.","The product ignores default values, increasing confusion, user effort, accessibility risk or operational friction.","Relevant to broker portals, PAS workflows, quote-and-buy journeys, customer portals, claims, documents, MTAs and servicing tasks.","Apply with context. PAS users may need dense data, shortcuts and persistent workflow context; clarity should support speed, not hide useful information.","field error rate, failed submissions, correction time, drop-off points.","Can a user complete this workflow with appropriate default values without unnecessary confusion, friction or risk?",43
Review before submission,review-before-submission,Forms & workflow design,Forms & workflow design,"Review before submission is an experience quality consideration within forms & workflow design that affects how users understand, navigate or complete work.","Clear forms and validation reduce failed submissions, user hesitation and support demand. Ecommerce evidence should be used directionally for quote-and-buy only.","GOV.UK Design System, Baymard, WCAG",Medium-High,"Fewer failed submissions, fewer data-entry errors and reduced rework.",Direct ROI + Risk Reduction,"May reduce rework, support demand, task time, user error, accessibility risk or design inconsistency depending on the workflow volume and severity.","The product applies review before submission deliberately within the workflow so users can understand the state, make the right decision and complete the task confidently.","The product ignores review before submission, increasing confusion, user effort, accessibility risk or operational friction.","Relevant to broker portals, PAS workflows, quote-and-buy journeys, customer portals, claims, documents, MTAs and servicing tasks.","Apply with context. PAS users may need dense data, shortcuts and persistent workflow context; clarity should support speed, not hide useful information.","field error rate, failed submissions, correction time, drop-off points.","Can a user complete this workflow with appropriate review before submission without unnecessary confusion, friction or risk?",44
Data persistence,data-persistence,Forms & workflow design,Forms & workflow design,"Data persistence is an experience quality consideration within forms & workflow design that affects how users understand, navigate or complete work.","Clear forms and validation reduce failed submissions, user hesitation and support demand. Ecommerce evidence should be used directionally for quote-and-buy only.","GOV.UK Design System, Baymard, WCAG",Medium-High,"Fewer failed submissions, fewer data-entry errors and reduced rework.",Direct ROI + Risk Reduction,"May reduce rework, support demand, task time, user error, accessibility risk or design inconsistency depending on the workflow volume and severity.","The product applies data persistence deliberately within the workflow so users can understand the state, make the right decision and complete the task confidently.","The product ignores data persistence, increasing confusion, user effort, accessibility risk or operational friction.","Relevant to broker portals, PAS workflows, quote-and-buy journeys, customer portals, claims, documents, MTAs and servicing tasks.","Apply with context. PAS users may need dense data, shortcuts and persistent workflow context; clarity should support speed, not hide useful information.","field error rate, failed submissions, correction time, drop-off points.","Can a user complete this workflow with appropriate data persistence without unnecessary confusion, friction or risk?",45
Progressive disclosure,progressive-disclosure,Forms & workflow design,Forms & workflow design,"Progressive disclosure is an experience quality consideration within forms & workflow design that affects how users understand, navigate or complete work.","Clear forms and validation reduce failed submissions, user hesitation and support demand. Ecommerce evidence should be used directionally for quote-and-buy only.","GOV.UK Design System, Baymard, WCAG",Medium-High,"Fewer failed submissions, fewer data-entry errors and reduced rework.",Direct ROI + Risk Reduction,"May reduce rework, support demand, task time, user error, accessibility risk or design inconsistency depending on the workflow volume and severity.","The product applies progressive disclosure deliberately within the workflow so users can understand the state, make the right decision and complete the task confidently.","The product ignores progressive disclosure, increasing confusion, user effort, accessibility risk or operational friction.","Relevant to broker portals, PAS workflows, quote-and-buy journeys, customer portals, claims, documents, MTAs and servicing tasks.","Apply with context. PAS users may need dense data, shortcuts and persistent workflow context; clarity should support speed, not hide useful information.","field error rate, failed submissions, correction time, drop-off points.","Can a user complete this workflow with appropriate progressive disclosure without unnecessary confusion, friction or risk?",46
Conditional logic clarity,conditional-logic-clarity,Forms & workflow design,Forms & workflow design,"Conditional logic clarity is an experience quality consideration within forms & workflow design that affects how users understand, navigate or complete work.","Clear forms and validation reduce failed submissions, user hesitation and support demand. Ecommerce evidence should be used directionally for quote-and-buy only.","GOV.UK Design System, Baymard, WCAG",Medium-High,"Fewer failed submissions, fewer data-entry errors and reduced rework.",Direct ROI + Risk Reduction,"May reduce rework, support demand, task time, user error, accessibility risk or design inconsistency depending on the workflow volume and severity.","The product applies conditional logic clarity deliberately within the workflow so users can understand the state, make the right decision and complete the task confidently.","The product ignores conditional logic clarity, increasing confusion, user effort, accessibility risk or operational friction.","Relevant to broker portals, PAS workflows, quote-and-buy journeys, customer portals, claims, documents, MTAs and servicing tasks.","Apply with context. PAS users may need dense data, shortcuts and persistent workflow context; clarity should support speed, not hide useful information.","field error rate, failed submissions, correction time, drop-off points.","Can a user complete this workflow with appropriate conditional logic clarity without unnecessary confusion, friction or risk?",47
Confirmation patterns,confirmation-patterns,Forms & workflow design,Forms & workflow design,"Confirmation patterns is an experience quality consideration within forms & workflow design that affects how users understand, navigate or complete work.","Clear forms and validation reduce failed submissions, user hesitation and support demand. Ecommerce evidence should be used directionally for quote-and-buy only.","GOV.UK Design System, Baymard, WCAG",Medium-High,"Fewer failed submissions, fewer data-entry errors and reduced rework.",Direct ROI + Risk Reduction,"May reduce rework, support demand, task time, user error, accessibility risk or design inconsistency depending on the workflow volume and severity.","The product applies confirmation patterns deliberately within the workflow so users can understand the state, make the right decision and complete the task confidently.","The product ignores confirmation patterns, increasing confusion, user effort, accessibility risk or operational friction.","Relevant to broker portals, PAS workflows, quote-and-buy journeys, customer portals, claims, documents, MTAs and servicing tasks.","Apply with context. PAS users may need dense data, shortcuts and persistent workflow context; clarity should support speed, not hide useful information.","field error rate, failed submissions, correction time, drop-off points.","Can a user complete this workflow with appropriate confirmation patterns without unnecessary confusion, friction or risk?",48
Colour contrast,colour-contrast,Accessibility & inclusive design,Accessibility & inclusive design,"Colour contrast is an experience quality consideration within accessibility & inclusive design that affects how users understand, navigate or complete work.","Accessibility defects create usability barriers and risk. WebAIM 2026 highlights how common basic failures such as contrast, labels and empty controls remain.",WCAG/W3C and WebAIM,High,"Reduced accessibility risk, broader usability and fewer avoidable barriers.",Risk Reduction + Experience Quality,"May reduce rework, support demand, task time, user error, accessibility risk or design inconsistency depending on the workflow volume and severity.","Warnings, statuses and data tables meet accessible contrast expectations and remain readable in all states.",Important underwriting warnings use faint grey text or colour-only cues.,"Relevant to broker portals, PAS workflows, quote-and-buy journeys, customer portals, claims, documents, MTAs and servicing tasks.","Apply with context. PAS users may need dense data, shortcuts and persistent workflow context; clarity should support speed, not hide useful information.","accessibility audit findings, keyboard completion, contrast failures, screen reader issues.","Can a user complete this workflow with appropriate colour contrast without unnecessary confusion, friction or risk?",49
Keyboard navigation,keyboard-navigation,Accessibility & inclusive design,Accessibility & inclusive design,"Keyboard navigation is an experience quality consideration within accessibility & inclusive design that affects how users understand, navigate or complete work.","Accessibility defects create usability barriers and risk. WebAIM 2026 highlights how common basic failures such as contrast, labels and empty controls remain.",WCAG/W3C and WebAIM,High,"Reduced accessibility risk, broader usability and fewer avoidable barriers.",Risk Reduction + Experience Quality,"May reduce rework, support demand, task time, user error, accessibility risk or design inconsistency depending on the workflow volume and severity.",Power users can move through common servicing tasks using keyboard navigation and shortcuts.,"Every action requires mouse navigation through repeated menus, reducing speed and increasing fatigue.","Relevant to broker portals, PAS workflows, quote-and-buy journeys, customer portals, claims, documents, MTAs and servicing tasks.","Apply with context. PAS users may need dense data, shortcuts and persistent workflow context; clarity should support speed, not hide useful information.","accessibility audit findings, keyboard completion, contrast failures, screen reader issues.","Can a user complete this workflow with appropriate keyboard navigation without unnecessary confusion, friction or risk?",50
Focus visibility,focus-visibility,Accessibility & inclusive design,Accessibility & inclusive design,"Focus visibility is an experience quality consideration within accessibility & inclusive design that affects how users understand, navigate or complete work.","Accessibility defects create usability barriers and risk. WebAIM 2026 highlights how common basic failures such as contrast, labels and empty controls remain.",WCAG/W3C and WebAIM,High,"Reduced accessibility risk, broader usability and fewer avoidable barriers.",Risk Reduction + Experience Quality,"May reduce rework, support demand, task time, user error, accessibility risk or design inconsistency depending on the workflow volume and severity.","The product applies focus visibility deliberately within the workflow so users can understand the state, make the right decision and complete the task confidently.","The product ignores focus visibility, increasing confusion, user effort, accessibility risk or operational friction.","Relevant to broker portals, PAS workflows, quote-and-buy journeys, customer portals, claims, documents, MTAs and servicing tasks.","Apply with context. PAS users may need dense data, shortcuts and persistent workflow context; clarity should support speed, not hide useful information.","accessibility audit findings, keyboard completion, contrast failures, screen reader issues.","Can a user complete this workflow with appropriate focus visibility without unnecessary confusion, friction or risk?",51
Touch target sizing,touch-target-sizing,Accessibility & inclusive design,Accessibility & inclusive design,"Touch target sizing is an experience quality consideration within accessibility & inclusive design that affects how users understand, navigate or complete work.","Accessibility defects create usability barriers and risk. WebAIM 2026 highlights how common basic failures such as contrast, labels and empty controls remain.",WCAG/W3C and WebAIM,High,"Reduced accessibility risk, broader usability and fewer avoidable barriers.",Risk Reduction + Experience Quality,"May reduce rework, support demand, task time, user error, accessibility risk or design inconsistency depending on the workflow volume and severity.","The product applies touch target sizing deliberately within the workflow so users can understand the state, make the right decision and complete the task confidently.","The product ignores touch target sizing, increasing confusion, user effort, accessibility risk or operational friction.","Relevant to broker portals, PAS workflows, quote-and-buy journeys, customer portals, claims, documents, MTAs and servicing tasks.","Apply with context. PAS users may need dense data, shortcuts and persistent workflow context; clarity should support speed, not hide useful information.","accessibility audit findings, keyboard completion, contrast failures, screen reader issues.","Can a user complete this workflow with appropriate touch target sizing without unnecessary confusion, friction or risk?",52
Labels and instructions,labels-and-instructions,Accessibility & inclusive design,Accessibility & inclusive design,"Labels and instructions is an experience quality consideration within accessibility & inclusive design that affects how users understand, navigate or complete work.","Accessibility defects create usability barriers and risk. WebAIM 2026 highlights how common basic failures such as contrast, labels and empty controls remain.",WCAG/W3C and WebAIM,High,"Reduced accessibility risk, broader usability and fewer avoidable barriers.",Risk Reduction + Experience Quality,"May reduce rework, support demand, task time, user error, accessibility risk or design inconsistency depending on the workflow volume and severity.","The product applies labels and instructions deliberately within the workflow so users can understand the state, make the right decision and complete the task confidently.","The product ignores labels and instructions, increasing confusion, user effort, accessibility risk or operational friction.","Relevant to broker portals, PAS workflows, quote-and-buy journeys, customer portals, claims, documents, MTAs and servicing tasks.","Apply with context. PAS users may need dense data, shortcuts and persistent workflow context; clarity should support speed, not hide useful information.","accessibility audit findings, keyboard completion, contrast failures, screen reader issues.","Can a user complete this workflow with appropriate labels and instructions without unnecessary confusion, friction or risk?",53
Screen reader structure,screen-reader-structure,Accessibility & inclusive design,Accessibility & inclusive design,"Screen reader structure is an experience quality consideration within accessibility & inclusive design that affects how users understand, navigate or complete work.","Accessibility defects create usability barriers and risk. WebAIM 2026 highlights how common basic failures such as contrast, labels and empty controls remain.",WCAG/W3C and WebAIM,High,"Reduced accessibility risk, broader usability and fewer avoidable barriers.",Risk Reduction + Experience Quality,"May reduce rework, support demand, task time, user error, accessibility risk or design inconsistency depending on the workflow volume and severity.","The product applies screen reader structure deliberately within the workflow so users can understand the state, make the right decision and complete the task confidently.","The product ignores screen reader structure, increasing confusion, user effort, accessibility risk or operational friction.","Relevant to broker portals, PAS workflows, quote-and-buy journeys, customer portals, claims, documents, MTAs and servicing tasks.","Apply with context. PAS users may need dense data, shortcuts and persistent workflow context; clarity should support speed, not hide useful information.","accessibility audit findings, keyboard completion, contrast failures, screen reader issues.","Can a user complete this workflow with appropriate screen reader structure without unnecessary confusion, friction or risk?",54
Accessible authentication,accessible-authentication,Accessibility & inclusive design,Accessibility & inclusive design,"Accessible authentication is an experience quality consideration within accessibility & inclusive design that affects how users understand, navigate or complete work.","Accessibility defects create usability barriers and risk. WebAIM 2026 highlights how common basic failures such as contrast, labels and empty controls remain.",WCAG/W3C and WebAIM,High,"Reduced accessibility risk, broader usability and fewer avoidable barriers.",Risk Reduction + Experience Quality,"May reduce rework, support demand, task time, user error, accessibility risk or design inconsistency depending on the workflow volume and severity.","The product applies accessible authentication deliberately within the workflow so users can understand the state, make the right decision and complete the task confidently.","The product ignores accessible authentication, increasing confusion, user effort, accessibility risk or operational friction.","Relevant to broker portals, PAS workflows, quote-and-buy journeys, customer portals, claims, documents, MTAs and servicing tasks.","Apply with context. PAS users may need dense data, shortcuts and persistent workflow context; clarity should support speed, not hide useful information.","accessibility audit findings, keyboard completion, contrast failures, screen reader issues.","Can a user complete this workflow with appropriate accessible authentication without unnecessary confusion, friction or risk?",55
Zoom and scaling,zoom-and-scaling,Accessibility & inclusive design,Accessibility & inclusive design,"Zoom and scaling is an experience quality consideration within accessibility & inclusive design that affects how users understand, navigate or complete work.","Accessibility defects create usability barriers and risk. WebAIM 2026 highlights how common basic failures such as contrast, labels and empty controls remain.",WCAG/W3C and WebAIM,High,"Reduced accessibility risk, broader usability and fewer avoidable barriers.",Risk Reduction + Experience Quality,"May reduce rework, support demand, task time, user error, accessibility risk or design inconsistency depending on the workflow volume and severity.","The product applies zoom and scaling deliberately within the workflow so users can understand the state, make the right decision and complete the task confidently.","The product ignores zoom and scaling, increasing confusion, user effort, accessibility risk or operational friction.","Relevant to broker portals, PAS workflows, quote-and-buy journeys, customer portals, claims, documents, MTAs and servicing tasks.","Apply with context. PAS users may need dense data, shortcuts and persistent workflow context; clarity should support speed, not hide useful information.","accessibility audit findings, keyboard completion, contrast failures, screen reader issues.","Can a user complete this workflow with appropriate zoom and scaling without unnecessary confusion, friction or risk?",56
Cognitive accessibility,cognitive-accessibility,Accessibility & inclusive design,Accessibility & inclusive design,"Cognitive accessibility is an experience quality consideration within accessibility & inclusive design that affects how users understand, navigate or complete work.","Accessibility defects create usability barriers and risk. WebAIM 2026 highlights how common basic failures such as contrast, labels and empty controls remain.",WCAG/W3C and WebAIM,High,"Reduced accessibility risk, broader usability and fewer avoidable barriers.",Risk Reduction + Experience Quality,"May reduce rework, support demand, task time, user error, accessibility risk or design inconsistency depending on the workflow volume and severity.","The product applies cognitive accessibility deliberately within the workflow so users can understand the state, make the right decision and complete the task confidently.","The product ignores cognitive accessibility, increasing confusion, user effort, accessibility risk or operational friction.","Relevant to broker portals, PAS workflows, quote-and-buy journeys, customer portals, claims, documents, MTAs and servicing tasks.","Apply with context. PAS users may need dense data, shortcuts and persistent workflow context; clarity should support speed, not hide useful information.","accessibility audit findings, keyboard completion, contrast failures, screen reader issues.","Can a user complete this workflow with appropriate cognitive accessibility without unnecessary confusion, friction or risk?",57
Motion sensitivity,motion-sensitivity,Accessibility & inclusive design,Accessibility & inclusive design,"Motion sensitivity is an experience quality consideration within accessibility & inclusive design that affects how users understand, navigate or complete work.","Accessibility defects create usability barriers and risk. WebAIM 2026 highlights how common basic failures such as contrast, labels and empty controls remain.",WCAG/W3C and WebAIM,High,"Reduced accessibility risk, broader usability and fewer avoidable barriers.",Risk Reduction + Experience Quality,"May reduce rework, support demand, task time, user error, accessibility risk or design inconsistency depending on the workflow volume and severity.","The product applies motion sensitivity deliberately within the workflow so users can understand the state, make the right decision and complete the task confidently.","The product ignores motion sensitivity, increasing confusion, user effort, accessibility risk or operational friction.","Relevant to broker portals, PAS workflows, quote-and-buy journeys, customer portals, claims, documents, MTAs and servicing tasks.","Apply with context. PAS users may need dense data, shortcuts and persistent workflow context; clarity should support speed, not hide useful information.","accessibility audit findings, keyboard completion, contrast failures, screen reader issues.","Can a user complete this workflow with appropriate motion sensitivity without unnecessary confusion, friction or risk?",58
Colour-independent meaning,colour-independent-meaning,Accessibility & inclusive design,Accessibility & inclusive design,"Colour-independent meaning is an experience quality consideration within accessibility & inclusive design that affects how users understand, navigate or complete work.","Accessibility defects create usability barriers and risk. WebAIM 2026 highlights how common basic failures such as contrast, labels and empty controls remain.",WCAG/W3C and WebAIM,High,"Reduced accessibility risk, broader usability and fewer avoidable barriers.",Risk Reduction + Experience Quality,"May reduce rework, support demand, task time, user error, accessibility risk or design inconsistency depending on the workflow volume and severity.","The product applies colour-independent meaning deliberately within the workflow so users can understand the state, make the right decision and complete the task confidently.","The product ignores colour-independent meaning, increasing confusion, user effort, accessibility risk or operational friction.","Relevant to broker portals, PAS workflows, quote-and-buy journeys, customer portals, claims, documents, MTAs and servicing tasks.","Apply with context. PAS users may need dense data, shortcuts and persistent workflow context; clarity should support speed, not hide useful information.","accessibility audit findings, keyboard completion, contrast failures, screen reader issues.","Can a user complete this workflow with appropriate colour-independent meaning without unnecessary confusion, friction or risk?",59
Accessible error identification,accessible-error-identification,Accessibility & inclusive design,Accessibility & inclusive design,"Accessible error identification is an experience quality consideration within accessibility & inclusive design that affects how users understand, navigate or complete work.","Accessibility defects create usability barriers and risk. WebAIM 2026 highlights how common basic failures such as contrast, labels and empty controls remain.",WCAG/W3C and WebAIM,High,"Reduced accessibility risk, broader usability and fewer avoidable barriers.",Risk Reduction + Experience Quality,"May reduce rework, support demand, task time, user error, accessibility risk or design inconsistency depending on the workflow volume and severity.","The product applies accessible error identification deliberately within the workflow so users can understand the state, make the right decision and complete the task confidently.","The product ignores accessible error identification, increasing confusion, user effort, accessibility risk or operational friction.","Relevant to broker portals, PAS workflows, quote-and-buy journeys, customer portals, claims, documents, MTAs and servicing tasks.","Apply with context. PAS users may need dense data, shortcuts and persistent workflow context; clarity should support speed, not hide useful information.","accessibility audit findings, keyboard completion, contrast failures, screen reader issues.","Can a user complete this workflow with appropriate accessible error identification without unnecessary confusion, friction or risk?",60
Visual hierarchy,visual-hierarchy,Visual hierarchy & composition,Visual hierarchy & composition,"Visual hierarchy is an experience quality consideration within visual hierarchy & composition that affects how users understand, navigate or complete work.","Hierarchy, grouping and layout affect what users notice, understand and act on.","Visual perception, Gestalt and usability research",Medium-High,"Faster comprehension, clearer hierarchy and more confident product perception.",Experience Quality,"May reduce rework, support demand, task time, user error, accessibility risk or design inconsistency depending on the workflow volume and severity.","The product applies visual hierarchy deliberately within the workflow so users can understand the state, make the right decision and complete the task confidently.","The product ignores visual hierarchy, increasing confusion, user effort, accessibility risk or operational friction.","Relevant to broker portals, PAS workflows, quote-and-buy journeys, customer portals, claims, documents, MTAs and servicing tasks.","Apply with context. PAS users may need dense data, shortcuts and persistent workflow context; clarity should support speed, not hide useful information.","task completion rate, time on task, support themes, usability test observations.","Can a user complete this workflow with appropriate visual hierarchy without unnecessary confusion, friction or risk?",61
Whitespace,whitespace,Visual hierarchy & composition,Visual hierarchy & composition,"Whitespace is an experience quality consideration within visual hierarchy & composition that affects how users understand, navigate or complete work.","Hierarchy, grouping and layout affect what users notice, understand and act on.","Visual perception, Gestalt and usability research",Medium-High,"Faster comprehension, clearer hierarchy and more confident product perception.",Experience Quality,"May reduce rework, support demand, task time, user error, accessibility risk or design inconsistency depending on the workflow volume and severity.","Whitespace is used to improve grouping, hierarchy and scanability while preserving efficient access to dense operational data.","Consumer-style spacing hides key policy information, increases scrolling and slows experienced PAS users.","Relevant to broker portals, PAS workflows, quote-and-buy journeys, customer portals, claims, documents, MTAs and servicing tasks.","Apply with context. PAS users may need dense data, shortcuts and persistent workflow context; clarity should support speed, not hide useful information.","task completion rate, time on task, support themes, usability test observations.","Can a user complete this workflow with appropriate whitespace without unnecessary confusion, friction or risk?",62
Alignment,alignment,Visual hierarchy & composition,Visual hierarchy & composition,"Alignment is an experience quality consideration within visual hierarchy & composition that affects how users understand, navigate or complete work.","Hierarchy, grouping and layout affect what users notice, understand and act on.","Visual perception, Gestalt and usability research",Medium-High,"Faster comprehension, clearer hierarchy and more confident product perception.",Experience Quality,"May reduce rework, support demand, task time, user error, accessibility risk or design inconsistency depending on the workflow volume and severity.","The product applies alignment deliberately within the workflow so users can understand the state, make the right decision and complete the task confidently.","The product ignores alignment, increasing confusion, user effort, accessibility risk or operational friction.","Relevant to broker portals, PAS workflows, quote-and-buy journeys, customer portals, claims, documents, MTAs and servicing tasks.","Apply with context. PAS users may need dense data, shortcuts and persistent workflow context; clarity should support speed, not hide useful information.","task completion rate, time on task, support themes, usability test observations.","Can a user complete this workflow with appropriate alignment without unnecessary confusion, friction or risk?",63
Proximity,proximity,Visual hierarchy & composition,Visual hierarchy & composition,"Proximity is an experience quality consideration within visual hierarchy & composition that affects how users understand, navigate or complete work.","Hierarchy, grouping and layout affect what users notice, understand and act on.","Visual perception, Gestalt and usability research",Medium-High,"Faster comprehension, clearer hierarchy and more confident product perception.",Experience Quality,"May reduce rework, support demand, task time, user error, accessibility risk or design inconsistency depending on the workflow volume and severity.","The product applies proximity deliberately within the workflow so users can understand the state, make the right decision and complete the task confidently.","The product ignores proximity, increasing confusion, user effort, accessibility risk or operational friction.","Relevant to broker portals, PAS workflows, quote-and-buy journeys, customer portals, claims, documents, MTAs and servicing tasks.","Apply with context. PAS users may need dense data, shortcuts and persistent workflow context; clarity should support speed, not hide useful information.","task completion rate, time on task, support themes, usability test observations.","Can a user complete this workflow with appropriate proximity without unnecessary confusion, friction or risk?",64
Gestalt grouping,gestalt-grouping,Visual hierarchy & composition,Visual hierarchy & composition,"Gestalt grouping is an experience quality consideration within visual hierarchy & composition that affects how users understand, navigate or complete work.","Hierarchy, grouping and layout affect what users notice, understand and act on.","Visual perception, Gestalt and usability research",Medium-High,"Faster comprehension, clearer hierarchy and more confident product perception.",Experience Quality,"May reduce rework, support demand, task time, user error, accessibility risk or design inconsistency depending on the workflow volume and severity.","The product applies gestalt grouping deliberately within the workflow so users can understand the state, make the right decision and complete the task confidently.","The product ignores gestalt grouping, increasing confusion, user effort, accessibility risk or operational friction.","Relevant to broker portals, PAS workflows, quote-and-buy journeys, customer portals, claims, documents, MTAs and servicing tasks.","Apply with context. PAS users may need dense data, shortcuts and persistent workflow context; clarity should support speed, not hide useful information.","task completion rate, time on task, support themes, usability test observations.","Can a user complete this workflow with appropriate gestalt grouping without unnecessary confusion, friction or risk?",65
Grid systems,grid-systems,Visual hierarchy & composition,Visual hierarchy & composition,"Grid systems is an experience quality consideration within visual hierarchy & composition that affects how users understand, navigate or complete work.","Hierarchy, grouping and layout affect what users notice, understand and act on.","Visual perception, Gestalt and usability research",Medium-High,"Faster comprehension, clearer hierarchy and more confident product perception.",Experience Quality,"May reduce rework, support demand, task time, user error, accessibility risk or design inconsistency depending on the workflow volume and severity.","The product applies grid systems deliberately within the workflow so users can understand the state, make the right decision and complete the task confidently.","The product ignores grid systems, increasing confusion, user effort, accessibility risk or operational friction.","Relevant to broker portals, PAS workflows, quote-and-buy journeys, customer portals, claims, documents, MTAs and servicing tasks.","Apply with context. PAS users may need dense data, shortcuts and persistent workflow context; clarity should support speed, not hide useful information.","task completion rate, time on task, support themes, usability test observations.","Can a user complete this workflow with appropriate grid systems without unnecessary confusion, friction or risk?",66
Contrast hierarchy,contrast-hierarchy,Visual hierarchy & composition,Visual hierarchy & composition,"Contrast hierarchy is an experience quality consideration within visual hierarchy & composition that affects how users understand, navigate or complete work.","Hierarchy, grouping and layout affect what users notice, understand and act on.","Visual perception, Gestalt and usability research",Medium-High,"Faster comprehension, clearer hierarchy and more confident product perception.",Experience Quality,"May reduce rework, support demand, task time, user error, accessibility risk or design inconsistency depending on the workflow volume and severity.","Warnings, statuses and data tables meet accessible contrast expectations and remain readable in all states.",Important underwriting warnings use faint grey text or colour-only cues.,"Relevant to broker portals, PAS workflows, quote-and-buy journeys, customer portals, claims, documents, MTAs and servicing tasks.","Apply with context. PAS users may need dense data, shortcuts and persistent workflow context; clarity should support speed, not hide useful information.","task completion rate, time on task, support themes, usability test observations.","Can a user complete this workflow with appropriate contrast hierarchy without unnecessary confusion, friction or risk?",67
Content prioritisation,content-prioritisation,Visual hierarchy & composition,Visual hierarchy & composition,"Content prioritisation is an experience quality consideration within visual hierarchy & composition that affects how users understand, navigate or complete work.","Hierarchy, grouping and layout affect what users notice, understand and act on.","Visual perception, Gestalt and usability research",Medium-High,"Faster comprehension, clearer hierarchy and more confident product perception.",Experience Quality,"May reduce rework, support demand, task time, user error, accessibility risk or design inconsistency depending on the workflow volume and severity.","The product applies content prioritisation deliberately within the workflow so users can understand the state, make the right decision and complete the task confidently.","The product ignores content prioritisation, increasing confusion, user effort, accessibility risk or operational friction.","Relevant to broker portals, PAS workflows, quote-and-buy journeys, customer portals, claims, documents, MTAs and servicing tasks.","Apply with context. PAS users may need dense data, shortcuts and persistent workflow context; clarity should support speed, not hide useful information.","task completion rate, time on task, support themes, usability test observations.","Can a user complete this workflow with appropriate content prioritisation without unnecessary confusion, friction or risk?",68
Dominance,dominance,Visual hierarchy & composition,Visual hierarchy & composition,"Dominance is an experience quality consideration within visual hierarchy & composition that affects how users understand, navigate or complete work.","Hierarchy, grouping and layout affect what users notice, understand and act on.","Visual perception, Gestalt and usability research",Medium-High,"Faster comprehension, clearer hierarchy and more confident product perception.",Experience Quality,"May reduce rework, support demand, task time, user error, accessibility risk or design inconsistency depending on the workflow volume and severity.","The product applies dominance deliberately within the workflow so users can understand the state, make the right decision and complete the task confidently.","The product ignores dominance, increasing confusion, user effort, accessibility risk or operational friction.","Relevant to broker portals, PAS workflows, quote-and-buy journeys, customer portals, claims, documents, MTAs and servicing tasks.","Apply with context. PAS users may need dense data, shortcuts and persistent workflow context; clarity should support speed, not hide useful information.","task completion rate, time on task, support themes, usability test observations.","Can a user complete this workflow with appropriate dominance without unnecessary confusion, friction or risk?",69
Scannability,scannability,Visual hierarchy & composition,Visual hierarchy & composition,"Scannability is an experience quality consideration within visual hierarchy & composition that affects how users understand, navigate or complete work.","Hierarchy, grouping and layout affect what users notice, understand and act on.","Visual perception, Gestalt and usability research",Medium-High,"Faster comprehension, clearer hierarchy and more confident product perception.",Experience Quality,"May reduce rework, support demand, task time, user error, accessibility risk or design inconsistency depending on the workflow volume and severity.","The product applies scannability deliberately within the workflow so users can understand the state, make the right decision and complete the task confidently.","The product ignores scannability, increasing confusion, user effort, accessibility risk or operational friction.","Relevant to broker portals, PAS workflows, quote-and-buy journeys, customer portals, claims, documents, MTAs and servicing tasks.","Apply with context. PAS users may need dense data, shortcuts and persistent workflow context; clarity should support speed, not hide useful information.","task completion rate, time on task, support themes, usability test observations.","Can a user complete this workflow with appropriate scannability without unnecessary confusion, friction or risk?",70
Information density,information-density,Visual hierarchy & composition,Visual hierarchy & composition,"Information density is an experience quality consideration within visual hierarchy & composition that affects how users understand, navigate or complete work.","Hierarchy, grouping and layout affect what users notice, understand and act on.","Visual perception, Gestalt and usability research",Medium-High,"Faster comprehension, clearer hierarchy and more confident product perception.",Experience Quality,"May reduce rework, support demand, task time, user error, accessibility risk or design inconsistency depending on the workflow volume and severity.","The product applies information density deliberately within the workflow so users can understand the state, make the right decision and complete the task confidently.","The product ignores information density, increasing confusion, user effort, accessibility risk or operational friction.","Relevant to broker portals, PAS workflows, quote-and-buy journeys, customer portals, claims, documents, MTAs and servicing tasks.","Apply with context. PAS users may need dense data, shortcuts and persistent workflow context; clarity should support speed, not hide useful information.","task completion rate, time on task, support themes, usability test observations.","Can a user complete this workflow with appropriate information density without unnecessary confusion, friction or risk?",71
Visual clutter reduction,visual-clutter-reduction,Visual hierarchy & composition,Visual hierarchy & composition,"Visual clutter reduction is an experience quality consideration within visual hierarchy & composition that affects how users understand, navigate or complete work.","Hierarchy, grouping and layout affect what users notice, understand and act on.","Visual perception, Gestalt and usability research",Medium-High,"Faster comprehension, clearer hierarchy and more confident product perception.",Experience Quality,"May reduce rework, support demand, task time, user error, accessibility risk or design inconsistency depending on the workflow volume and severity.","The product applies visual clutter reduction deliberately within the workflow so users can understand the state, make the right decision and complete the task confidently.","The product ignores visual clutter reduction, increasing confusion, user effort, accessibility risk or operational friction.","Relevant to broker portals, PAS workflows, quote-and-buy journeys, customer portals, claims, documents, MTAs and servicing tasks.","Apply with context. PAS users may need dense data, shortcuts and persistent workflow context; clarity should support speed, not hide useful information.","task completion rate, time on task, support themes, usability test observations.","Can a user complete this workflow with appropriate visual clutter reduction without unnecessary confusion, friction or risk?",72
Line length,line-length,Typography & readability,Typography & readability,"Line length is an experience quality consideration within typography & readability that affects how users understand, navigate or complete work.","Readable typography improves comprehension, reduces fatigue and supports faster scanning.",Readability and accessibility research,Medium-High,"Faster comprehension, clearer hierarchy and more confident product perception.",Experience Quality,"May reduce rework, support demand, task time, user error, accessibility risk or design inconsistency depending on the workflow volume and severity.","The product applies line length deliberately within the workflow so users can understand the state, make the right decision and complete the task confidently.","The product ignores line length, increasing confusion, user effort, accessibility risk or operational friction.","Relevant to broker portals, PAS workflows, quote-and-buy journeys, customer portals, claims, documents, MTAs and servicing tasks.","Apply with context. PAS users may need dense data, shortcuts and persistent workflow context; clarity should support speed, not hide useful information.","task completion rate, time on task, support themes, usability test observations.","Can a user complete this workflow with appropriate line length without unnecessary confusion, friction or risk?",73
Readable font sizing,readable-font-sizing,Typography & readability,Typography & readability,"Readable font sizing is an experience quality consideration within typography & readability that affects how users understand, navigate or complete work.","Readable typography improves comprehension, reduces fatigue and supports faster scanning.",Readability and accessibility research,Medium-High,"Faster comprehension, clearer hierarchy and more confident product perception.",Experience Quality,"May reduce rework, support demand, task time, user error, accessibility risk or design inconsistency depending on the workflow volume and severity.","The product applies readable font sizing deliberately within the workflow so users can understand the state, make the right decision and complete the task confidently.","The product ignores readable font sizing, increasing confusion, user effort, accessibility risk or operational friction.","Relevant to broker portals, PAS workflows, quote-and-buy journeys, customer portals, claims, documents, MTAs and servicing tasks.","Apply with context. PAS users may need dense data, shortcuts and persistent workflow context; clarity should support speed, not hide useful information.","task completion rate, time on task, support themes, usability test observations.","Can a user complete this workflow with appropriate readable font sizing without unnecessary confusion, friction or risk?",74
Heading hierarchy,heading-hierarchy,Typography & readability,Typography & readability,"Heading hierarchy is an experience quality consideration within typography & readability that affects how users understand, navigate or complete work.","Readable typography improves comprehension, reduces fatigue and supports faster scanning.",Readability and accessibility research,Medium-High,"Faster comprehension, clearer hierarchy and more confident product perception.",Experience Quality,"May reduce rework, support demand, task time, user error, accessibility risk or design inconsistency depending on the workflow volume and severity.","The product applies heading hierarchy deliberately within the workflow so users can understand the state, make the right decision and complete the task confidently.","The product ignores heading hierarchy, increasing confusion, user effort, accessibility risk or operational friction.","Relevant to broker portals, PAS workflows, quote-and-buy journeys, customer portals, claims, documents, MTAs and servicing tasks.","Apply with context. PAS users may need dense data, shortcuts and persistent workflow context; clarity should support speed, not hide useful information.","task completion rate, time on task, support themes, usability test observations.","Can a user complete this workflow with appropriate heading hierarchy without unnecessary confusion, friction or risk?",75
Paragraph spacing,paragraph-spacing,Typography & readability,Typography & readability,"Paragraph spacing is an experience quality consideration within typography & readability that affects how users understand, navigate or complete work.","Readable typography improves comprehension, reduces fatigue and supports faster scanning.",Readability and accessibility research,Medium-High,"Faster comprehension, clearer hierarchy and more confident product perception.",Experience Quality,"May reduce rework, support demand, task time, user error, accessibility risk or design inconsistency depending on the workflow volume and severity.","The product applies paragraph spacing deliberately within the workflow so users can understand the state, make the right decision and complete the task confidently.","The product ignores paragraph spacing, increasing confusion, user effort, accessibility risk or operational friction.","Relevant to broker portals, PAS workflows, quote-and-buy journeys, customer portals, claims, documents, MTAs and servicing tasks.","Apply with context. PAS users may need dense data, shortcuts and persistent workflow context; clarity should support speed, not hide useful information.","task completion rate, time on task, support themes, usability test observations.","Can a user complete this workflow with appropriate paragraph spacing without unnecessary confusion, friction or risk?",76
Uppercase readability,uppercase-readability,Typography & readability,Typography & readability,"Uppercase readability is an experience quality consideration within typography & readability that affects how users understand, navigate or complete work.","Readable typography improves comprehension, reduces fatigue and supports faster scanning.",Readability and accessibility research,Medium-High,"Faster comprehension, clearer hierarchy and more confident product perception.",Experience Quality,"May reduce rework, support demand, task time, user error, accessibility risk or design inconsistency depending on the workflow volume and severity.","The product applies uppercase readability deliberately within the workflow so users can understand the state, make the right decision and complete the task confidently.","The product ignores uppercase readability, increasing confusion, user effort, accessibility risk or operational friction.","Relevant to broker portals, PAS workflows, quote-and-buy journeys, customer portals, claims, documents, MTAs and servicing tasks.","Apply with context. PAS users may need dense data, shortcuts and persistent workflow context; clarity should support speed, not hide useful information.","task completion rate, time on task, support themes, usability test observations.","Can a user complete this workflow with appropriate uppercase readability without unnecessary confusion, friction or risk?",77
Typography rhythm,typography-rhythm,Typography & readability,Typography & readability,"Typography rhythm is an experience quality consideration within typography & readability that affects how users understand, navigate or complete work.","Readable typography improves comprehension, reduces fatigue and supports faster scanning.",Readability and accessibility research,Medium-High,"Faster comprehension, clearer hierarchy and more confident product perception.",Experience Quality,"May reduce rework, support demand, task time, user error, accessibility risk or design inconsistency depending on the workflow volume and severity.","The product applies typography rhythm deliberately within the workflow so users can understand the state, make the right decision and complete the task confidently.","The product ignores typography rhythm, increasing confusion, user effort, accessibility risk or operational friction.","Relevant to broker portals, PAS workflows, quote-and-buy journeys, customer portals, claims, documents, MTAs and servicing tasks.","Apply with context. PAS users may need dense data, shortcuts and persistent workflow context; clarity should support speed, not hide useful information.","task completion rate, time on task, support themes, usability test observations.","Can a user complete this workflow with appropriate typography rhythm without unnecessary confusion, friction or risk?",78
Character spacing,character-spacing,Typography & readability,Typography & readability,"Character spacing is an experience quality consideration within typography & readability that affects how users understand, navigate or complete work.","Readable typography improves comprehension, reduces fatigue and supports faster scanning.",Readability and accessibility research,Medium-High,"Faster comprehension, clearer hierarchy and more confident product perception.",Experience Quality,"May reduce rework, support demand, task time, user error, accessibility risk or design inconsistency depending on the workflow volume and severity.","The product applies character spacing deliberately within the workflow so users can understand the state, make the right decision and complete the task confidently.","The product ignores character spacing, increasing confusion, user effort, accessibility risk or operational friction.","Relevant to broker portals, PAS workflows, quote-and-buy journeys, customer portals, claims, documents, MTAs and servicing tasks.","Apply with context. PAS users may need dense data, shortcuts and persistent workflow context; clarity should support speed, not hide useful information.","task completion rate, time on task, support themes, usability test observations.","Can a user complete this workflow with appropriate character spacing without unnecessary confusion, friction or risk?",79
Legibility,legibility,Typography & readability,Typography & readability,"Legibility is an experience quality consideration within typography & readability that affects how users understand, navigate or complete work.","Readable typography improves comprehension, reduces fatigue and supports faster scanning.",Readability and accessibility research,Medium-High,"Faster comprehension, clearer hierarchy and more confident product perception.",Experience Quality,"May reduce rework, support demand, task time, user error, accessibility risk or design inconsistency depending on the workflow volume and severity.","The product applies legibility deliberately within the workflow so users can understand the state, make the right decision and complete the task confidently.","The product ignores legibility, increasing confusion, user effort, accessibility risk or operational friction.","Relevant to broker portals, PAS workflows, quote-and-buy journeys, customer portals, claims, documents, MTAs and servicing tasks.","Apply with context. PAS users may need dense data, shortcuts and persistent workflow context; clarity should support speed, not hide useful information.","task completion rate, time on task, support themes, usability test observations.","Can a user complete this workflow with appropriate legibility without unnecessary confusion, friction or risk?",80
Reading speed,reading-speed,Typography & readability,Typography & readability,"Reading speed is an experience quality consideration within typography & readability that affects how users understand, navigate or complete work.","Readable typography improves comprehension, reduces fatigue and supports faster scanning.",Readability and accessibility research,Medium-High,"Faster comprehension, clearer hierarchy and more confident product perception.",Experience Quality,"May reduce rework, support demand, task time, user error, accessibility risk or design inconsistency depending on the workflow volume and severity.","The product applies reading speed deliberately within the workflow so users can understand the state, make the right decision and complete the task confidently.","The product ignores reading speed, increasing confusion, user effort, accessibility risk or operational friction.","Relevant to broker portals, PAS workflows, quote-and-buy journeys, customer portals, claims, documents, MTAs and servicing tasks.","Apply with context. PAS users may need dense data, shortcuts and persistent workflow context; clarity should support speed, not hide useful information.","task completion rate, time on task, support themes, usability test observations.","Can a user complete this workflow with appropriate reading speed without unnecessary confusion, friction or risk?",81
Plain English,plain-english,Typography & readability,Typography & readability,"Plain English is an experience quality consideration within typography & readability that affects how users understand, navigate or complete work.","Readable typography improves comprehension, reduces fatigue and supports faster scanning.",Readability and accessibility research,Medium-High,"Faster comprehension, clearer hierarchy and more confident product perception.",Experience Quality,"May reduce rework, support demand, task time, user error, accessibility risk or design inconsistency depending on the workflow volume and severity.","The product applies plain english deliberately within the workflow so users can understand the state, make the right decision and complete the task confidently.","The product ignores plain english, increasing confusion, user effort, accessibility risk or operational friction.","Relevant to broker portals, PAS workflows, quote-and-buy journeys, customer portals, claims, documents, MTAs and servicing tasks.","Apply with context. PAS users may need dense data, shortcuts and persistent workflow context; clarity should support speed, not hide useful information.","task completion rate, time on task, support themes, usability test observations.","Can a user complete this workflow with appropriate plain english without unnecessary confusion, friction or risk?",82
Terminology clarity,terminology-clarity,Typography & readability,Typography & readability,"Terminology clarity is an experience quality consideration within typography & readability that affects how users understand, navigate or complete work.","Readable typography improves comprehension, reduces fatigue and supports faster scanning.",Readability and accessibility research,Medium-High,"Faster comprehension, clearer hierarchy and more confident product perception.",Experience Quality,"May reduce rework, support demand, task time, user error, accessibility risk or design inconsistency depending on the workflow volume and severity.","The product applies terminology clarity deliberately within the workflow so users can understand the state, make the right decision and complete the task confidently.","The product ignores terminology clarity, increasing confusion, user effort, accessibility risk or operational friction.","Relevant to broker portals, PAS workflows, quote-and-buy journeys, customer portals, claims, documents, MTAs and servicing tasks.","Apply with context. PAS users may need dense data, shortcuts and persistent workflow context; clarity should support speed, not hide useful information.","task completion rate, time on task, support themes, usability test observations.","Can a user complete this workflow with appropriate terminology clarity without unnecessary confusion, friction or risk?",83
Microcopy clarity,microcopy-clarity,Typography & readability,Typography & readability,"Microcopy clarity is an experience quality consideration within typography & readability that affects how users understand, navigate or complete work.","Readable typography improves comprehension, reduces fatigue and supports faster scanning.",Readability and accessibility research,Medium-High,"Faster comprehension, clearer hierarchy and more confident product perception.",Experience Quality,"May reduce rework, support demand, task time, user error, accessibility risk or design inconsistency depending on the workflow volume and severity.","The product applies microcopy clarity deliberately within the workflow so users can understand the state, make the right decision and complete the task confidently.","The product ignores microcopy clarity, increasing confusion, user effort, accessibility risk or operational friction.","Relevant to broker portals, PAS workflows, quote-and-buy journeys, customer portals, claims, documents, MTAs and servicing tasks.","Apply with context. PAS users may need dense data, shortcuts and persistent workflow context; clarity should support speed, not hide useful information.","task completion rate, time on task, support themes, usability test observations.","Can a user complete this workflow with appropriate microcopy clarity without unnecessary confusion, friction or risk?",84
Semantic colour systems,semantic-colour-systems,Colour theory & perception,Colour theory & perception,"Semantic colour systems is an experience quality consideration within colour theory & perception that affects how users understand, navigate or complete work.",Colour affects meaning and accessibility; semantic colour systems should not rely on colour alone.,"WCAG, WebAIM and visual perception research",High,"Faster comprehension, clearer hierarchy and more confident product perception.",Experience Quality,"May reduce rework, support demand, task time, user error, accessibility risk or design inconsistency depending on the workflow volume and severity.","The product applies semantic colour systems deliberately within the workflow so users can understand the state, make the right decision and complete the task confidently.","The product ignores semantic colour systems, increasing confusion, user effort, accessibility risk or operational friction.","Relevant to broker portals, PAS workflows, quote-and-buy journeys, customer portals, claims, documents, MTAs and servicing tasks.","Apply with context. PAS users may need dense data, shortcuts and persistent workflow context; clarity should support speed, not hide useful information.","task completion rate, time on task, support themes, usability test observations.","Can a user complete this workflow with appropriate semantic colour systems without unnecessary confusion, friction or risk?",85
Status colour meaning,status-colour-meaning,Colour theory & perception,Colour theory & perception,"Status colour meaning is an experience quality consideration within colour theory & perception that affects how users understand, navigate or complete work.",Colour affects meaning and accessibility; semantic colour systems should not rely on colour alone.,"WCAG, WebAIM and visual perception research",High,"Faster comprehension, clearer hierarchy and more confident product perception.",Experience Quality,"May reduce rework, support demand, task time, user error, accessibility risk or design inconsistency depending on the workflow volume and severity.","The product applies status colour meaning deliberately within the workflow so users can understand the state, make the right decision and complete the task confidently.","The product ignores status colour meaning, increasing confusion, user effort, accessibility risk or operational friction.","Relevant to broker portals, PAS workflows, quote-and-buy journeys, customer portals, claims, documents, MTAs and servicing tasks.","Apply with context. PAS users may need dense data, shortcuts and persistent workflow context; clarity should support speed, not hide useful information.","task completion rate, time on task, support themes, usability test observations.","Can a user complete this workflow with appropriate status colour meaning without unnecessary confusion, friction or risk?",86
Warning colour usage,warning-colour-usage,Colour theory & perception,Colour theory & perception,"Warning colour usage is an experience quality consideration within colour theory & perception that affects how users understand, navigate or complete work.",Colour affects meaning and accessibility; semantic colour systems should not rely on colour alone.,"WCAG, WebAIM and visual perception research",High,"Faster comprehension, clearer hierarchy and more confident product perception.",Experience Quality,"May reduce rework, support demand, task time, user error, accessibility risk or design inconsistency depending on the workflow volume and severity.","The product applies warning colour usage deliberately within the workflow so users can understand the state, make the right decision and complete the task confidently.","The product ignores warning colour usage, increasing confusion, user effort, accessibility risk or operational friction.","Relevant to broker portals, PAS workflows, quote-and-buy journeys, customer portals, claims, documents, MTAs and servicing tasks.","Apply with context. PAS users may need dense data, shortcuts and persistent workflow context; clarity should support speed, not hide useful information.","task completion rate, time on task, support themes, usability test observations.","Can a user complete this workflow with appropriate warning colour usage without unnecessary confusion, friction or risk?",87
Colour blindness,colour-blindness,Colour theory & perception,Colour theory & perception,"Colour blindness is an experience quality consideration within colour theory & perception that affects how users understand, navigate or complete work.",Colour affects meaning and accessibility; semantic colour systems should not rely on colour alone.,"WCAG, WebAIM and visual perception research",High,"Faster comprehension, clearer hierarchy and more confident product perception.",Experience Quality,"May reduce rework, support demand, task time, user error, accessibility risk or design inconsistency depending on the workflow volume and severity.","The product applies colour blindness deliberately within the workflow so users can understand the state, make the right decision and complete the task confidently.","The product ignores colour blindness, increasing confusion, user effort, accessibility risk or operational friction.","Relevant to broker portals, PAS workflows, quote-and-buy journeys, customer portals, claims, documents, MTAs and servicing tasks.","Apply with context. PAS users may need dense data, shortcuts and persistent workflow context; clarity should support speed, not hide useful information.","task completion rate, time on task, support themes, usability test observations.","Can a user complete this workflow with appropriate colour blindness without unnecessary confusion, friction or risk?",88
Accessible palettes,accessible-palettes,Colour theory & perception,Colour theory & perception,"Accessible palettes is an experience quality consideration within colour theory & perception that affects how users understand, navigate or complete work.",Colour affects meaning and accessibility; semantic colour systems should not rely on colour alone.,"WCAG, WebAIM and visual perception research",High,"Faster comprehension, clearer hierarchy and more confident product perception.",Experience Quality,"May reduce rework, support demand, task time, user error, accessibility risk or design inconsistency depending on the workflow volume and severity.","The product applies accessible palettes deliberately within the workflow so users can understand the state, make the right decision and complete the task confidently.","The product ignores accessible palettes, increasing confusion, user effort, accessibility risk or operational friction.","Relevant to broker portals, PAS workflows, quote-and-buy journeys, customer portals, claims, documents, MTAs and servicing tasks.","Apply with context. PAS users may need dense data, shortcuts and persistent workflow context; clarity should support speed, not hide useful information.","task completion rate, time on task, support themes, usability test observations.","Can a user complete this workflow with appropriate accessible palettes without unnecessary confusion, friction or risk?",89
Dark mode contrast,dark-mode-contrast,Colour theory & perception,Colour theory & perception,"Dark mode contrast is an experience quality consideration within colour theory & perception that affects how users understand, navigate or complete work.",Colour affects meaning and accessibility; semantic colour systems should not rely on colour alone.,"WCAG, WebAIM and visual perception research",High,"Faster comprehension, clearer hierarchy and more confident product perception.",Experience Quality,"May reduce rework, support demand, task time, user error, accessibility risk or design inconsistency depending on the workflow volume and severity.","Warnings, statuses and data tables meet accessible contrast expectations and remain readable in all states.",Important underwriting warnings use faint grey text or colour-only cues.,"Relevant to broker portals, PAS workflows, quote-and-buy journeys, customer portals, claims, documents, MTAs and servicing tasks.","Apply with context. PAS users may need dense data, shortcuts and persistent workflow context; clarity should support speed, not hide useful information.","task completion rate, time on task, support themes, usability test observations.","Can a user complete this workflow with appropriate dark mode contrast without unnecessary confusion, friction or risk?",90
Saturation fatigue,saturation-fatigue,Colour theory & perception,Colour theory & perception,"Saturation fatigue is an experience quality consideration within colour theory & perception that affects how users understand, navigate or complete work.",Colour affects meaning and accessibility; semantic colour systems should not rely on colour alone.,"WCAG, WebAIM and visual perception research",High,"Faster comprehension, clearer hierarchy and more confident product perception.",Experience Quality,"May reduce rework, support demand, task time, user error, accessibility risk or design inconsistency depending on the workflow volume and severity.","The product applies saturation fatigue deliberately within the workflow so users can understand the state, make the right decision and complete the task confidently.","The product ignores saturation fatigue, increasing confusion, user effort, accessibility risk or operational friction.","Relevant to broker portals, PAS workflows, quote-and-buy journeys, customer portals, claims, documents, MTAs and servicing tasks.","Apply with context. PAS users may need dense data, shortcuts and persistent workflow context; clarity should support speed, not hide useful information.","task completion rate, time on task, support themes, usability test observations.","Can a user complete this workflow with appropriate saturation fatigue without unnecessary confusion, friction or risk?",91
Trust perception,trust-perception,Colour theory & perception,Colour theory & perception,"Trust perception is an experience quality consideration within colour theory & perception that affects how users understand, navigate or complete work.",Colour affects meaning and accessibility; semantic colour systems should not rely on colour alone.,"WCAG, WebAIM and visual perception research",High,"Faster comprehension, clearer hierarchy and more confident product perception.",Experience Quality,"May reduce rework, support demand, task time, user error, accessibility risk or design inconsistency depending on the workflow volume and severity.","The product applies trust perception deliberately within the workflow so users can understand the state, make the right decision and complete the task confidently.","The product ignores trust perception, increasing confusion, user effort, accessibility risk or operational friction.","Relevant to broker portals, PAS workflows, quote-and-buy journeys, customer portals, claims, documents, MTAs and servicing tasks.","Apply with context. PAS users may need dense data, shortcuts and persistent workflow context; clarity should support speed, not hide useful information.","task completion rate, time on task, support themes, usability test observations.","Can a user complete this workflow with appropriate trust perception without unnecessary confusion, friction or risk?",92
Contrast perception,contrast-perception,Colour theory & perception,Colour theory & perception,"Contrast perception is an experience quality consideration within colour theory & perception that affects how users understand, navigate or complete work.",Colour affects meaning and accessibility; semantic colour systems should not rely on colour alone.,"WCAG, WebAIM and visual perception research",High,"Faster comprehension, clearer hierarchy and more confident product perception.",Experience Quality,"May reduce rework, support demand, task time, user error, accessibility risk or design inconsistency depending on the workflow volume and severity.","Warnings, statuses and data tables meet accessible contrast expectations and remain readable in all states.",Important underwriting warnings use faint grey text or colour-only cues.,"Relevant to broker portals, PAS workflows, quote-and-buy journeys, customer portals, claims, documents, MTAs and servicing tasks.","Apply with context. PAS users may need dense data, shortcuts and persistent workflow context; clarity should support speed, not hide useful information.","task completion rate, time on task, support themes, usability test observations.","Can a user complete this workflow with appropriate contrast perception without unnecessary confusion, friction or risk?",93
Brand consistency,brand-consistency,Colour theory & perception,Colour theory & perception,"Brand consistency is an experience quality consideration within colour theory & perception that affects how users understand, navigate or complete work.",Colour affects meaning and accessibility; semantic colour systems should not rely on colour alone.,"WCAG, WebAIM and visual perception research",High,"Faster comprehension, clearer hierarchy and more confident product perception.",Experience Quality,"May reduce rework, support demand, task time, user error, accessibility risk or design inconsistency depending on the workflow volume and severity.","The product applies brand consistency deliberately within the workflow so users can understand the state, make the right decision and complete the task confidently.","The product ignores brand consistency, increasing confusion, user effort, accessibility risk or operational friction.","Relevant to broker portals, PAS workflows, quote-and-buy journeys, customer portals, claims, documents, MTAs and servicing tasks.","Apply with context. PAS users may need dense data, shortcuts and persistent workflow context; clarity should support speed, not hide useful information.","task completion rate, time on task, support themes, usability test observations.","Can a user complete this workflow with appropriate brand consistency without unnecessary confusion, friction or risk?",94
Colour hierarchy,colour-hierarchy,Colour theory & perception,Colour theory & perception,"Colour hierarchy is an experience quality consideration within colour theory & perception that affects how users understand, navigate or complete work.",Colour affects meaning and accessibility; semantic colour systems should not rely on colour alone.,"WCAG, WebAIM and visual perception research",High,"Faster comprehension, clearer hierarchy and more confident product perception.",Experience Quality,"May reduce rework, support demand, task time, user error, accessibility risk or design inconsistency depending on the workflow volume and severity.","The product applies colour hierarchy deliberately within the workflow so users can understand the state, make the right decision and complete the task confidently.","The product ignores colour hierarchy, increasing confusion, user effort, accessibility risk or operational friction.","Relevant to broker portals, PAS workflows, quote-and-buy journeys, customer portals, claims, documents, MTAs and servicing tasks.","Apply with context. PAS users may need dense data, shortcuts and persistent workflow context; clarity should support speed, not hide useful information.","task completion rate, time on task, support themes, usability test observations.","Can a user complete this workflow with appropriate colour hierarchy without unnecessary confusion, friction or risk?",95
Non-colour cues,non-colour-cues,Colour theory & perception,Colour theory & perception,"Non-colour cues is an experience quality consideration within colour theory & perception that affects how users understand, navigate or complete work.",Colour affects meaning and accessibility; semantic colour systems should not rely on colour alone.,"WCAG, WebAIM and visual perception research",High,"Faster comprehension, clearer hierarchy and more confident product perception.",Experience Quality,"May reduce rework, support demand, task time, user error, accessibility risk or design inconsistency depending on the workflow volume and severity.","The product applies non-colour cues deliberately within the workflow so users can understand the state, make the right decision and complete the task confidently.","The product ignores non-colour cues, increasing confusion, user effort, accessibility risk or operational friction.","Relevant to broker portals, PAS workflows, quote-and-buy journeys, customer portals, claims, documents, MTAs and servicing tasks.","Apply with context. PAS users may need dense data, shortcuts and persistent workflow context; clarity should support speed, not hide useful information.","task completion rate, time on task, support themes, usability test observations.","Can a user complete this workflow with appropriate non-colour cues without unnecessary confusion, friction or risk?",96
Button hierarchy,button-hierarchy,Interaction design,Interaction design,"Button hierarchy is an experience quality consideration within interaction design that affects how users understand, navigate or complete work.","Predictable controls and feedback reduce hesitation, errors and repeated actions.",Interaction design and usability heuristics,Medium-High,"Fewer misclicks, clearer actions and safer workflows.",Operational Efficiency + Risk Reduction,"May reduce rework, support demand, task time, user error, accessibility risk or design inconsistency depending on the workflow volume and severity.","The product applies button hierarchy deliberately within the workflow so users can understand the state, make the right decision and complete the task confidently.","The product ignores button hierarchy, increasing confusion, user effort, accessibility risk or operational friction.","Relevant to broker portals, PAS workflows, quote-and-buy journeys, customer portals, claims, documents, MTAs and servicing tasks.","Apply with context. PAS users may need dense data, shortcuts and persistent workflow context; clarity should support speed, not hide useful information.","task completion rate, time on task, support themes, usability test observations.","Can a user complete this workflow with appropriate button hierarchy without unnecessary confusion, friction or risk?",97
Primary vs secondary actions,primary-vs-secondary-actions,Interaction design,Interaction design,"Primary vs secondary actions is an experience quality consideration within interaction design that affects how users understand, navigate or complete work.","Predictable controls and feedback reduce hesitation, errors and repeated actions.",Interaction design and usability heuristics,Medium-High,"Fewer misclicks, clearer actions and safer workflows.",Operational Efficiency + Risk Reduction,"May reduce rework, support demand, task time, user error, accessibility risk or design inconsistency depending on the workflow volume and severity.","The product applies primary vs secondary actions deliberately within the workflow so users can understand the state, make the right decision and complete the task confidently.","The product ignores primary vs secondary actions, increasing confusion, user effort, accessibility risk or operational friction.","Relevant to broker portals, PAS workflows, quote-and-buy journeys, customer portals, claims, documents, MTAs and servicing tasks.","Apply with context. PAS users may need dense data, shortcuts and persistent workflow context; clarity should support speed, not hide useful information.","task completion rate, time on task, support themes, usability test observations.","Can a user complete this workflow with appropriate primary vs secondary actions without unnecessary confusion, friction or risk?",98
Destructive action safety,destructive-action-safety,Interaction design,Interaction design,"Destructive action safety is an experience quality consideration within interaction design that affects how users understand, navigate or complete work.","Predictable controls and feedback reduce hesitation, errors and repeated actions.",Interaction design and usability heuristics,Medium-High,"Fewer misclicks, clearer actions and safer workflows.",Operational Efficiency + Risk Reduction,"May reduce rework, support demand, task time, user error, accessibility risk or design inconsistency depending on the workflow volume and severity.","The product applies destructive action safety deliberately within the workflow so users can understand the state, make the right decision and complete the task confidently.","The product ignores destructive action safety, increasing confusion, user effort, accessibility risk or operational friction.","Relevant to broker portals, PAS workflows, quote-and-buy journeys, customer portals, claims, documents, MTAs and servicing tasks.","Apply with context. PAS users may need dense data, shortcuts and persistent workflow context; clarity should support speed, not hide useful information.","task completion rate, time on task, support themes, usability test observations.","Can a user complete this workflow with appropriate destructive action safety without unnecessary confusion, friction or risk?",99
Modal interruption,modal-interruption,Interaction design,Interaction design,"Modal interruption is an experience quality consideration within interaction design that affects how users understand, navigate or complete work.","Predictable controls and feedback reduce hesitation, errors and repeated actions.",Interaction design and usability heuristics,Medium-High,"Fewer misclicks, clearer actions and safer workflows.",Operational Efficiency + Risk Reduction,"May reduce rework, support demand, task time, user error, accessibility risk or design inconsistency depending on the workflow volume and severity.","The product applies modal interruption deliberately within the workflow so users can understand the state, make the right decision and complete the task confidently.","The product ignores modal interruption, increasing confusion, user effort, accessibility risk or operational friction.","Relevant to broker portals, PAS workflows, quote-and-buy journeys, customer portals, claims, documents, MTAs and servicing tasks.","Apply with context. PAS users may need dense data, shortcuts and persistent workflow context; clarity should support speed, not hide useful information.","task completion rate, time on task, support themes, usability test observations.","Can a user complete this workflow with appropriate modal interruption without unnecessary confusion, friction or risk?",100
Hover dependency,hover-dependency,Interaction design,Interaction design,"Hover dependency is an experience quality consideration within interaction design that affects how users understand, navigate or complete work.","Predictable controls and feedback reduce hesitation, errors and repeated actions.",Interaction design and usability heuristics,Medium-High,"Fewer misclicks, clearer actions and safer workflows.",Operational Efficiency + Risk Reduction,"May reduce rework, support demand, task time, user error, accessibility risk or design inconsistency depending on the workflow volume and severity.","The product applies hover dependency deliberately within the workflow so users can understand the state, make the right decision and complete the task confidently.","The product ignores hover dependency, increasing confusion, user effort, accessibility risk or operational friction.","Relevant to broker portals, PAS workflows, quote-and-buy journeys, customer portals, claims, documents, MTAs and servicing tasks.","Apply with context. PAS users may need dense data, shortcuts and persistent workflow context; clarity should support speed, not hide useful information.","task completion rate, time on task, support themes, usability test observations.","Can a user complete this workflow with appropriate hover dependency without unnecessary confusion, friction or risk?",101
Loading states,loading-states,Interaction design,Interaction design,"Loading states is an experience quality consideration within interaction design that affects how users understand, navigate or complete work.","Predictable controls and feedback reduce hesitation, errors and repeated actions.",Interaction design and usability heuristics,Medium-High,"Fewer misclicks, clearer actions and safer workflows.",Operational Efficiency + Risk Reduction,"May reduce rework, support demand, task time, user error, accessibility risk or design inconsistency depending on the workflow volume and severity.","The product applies loading states deliberately within the workflow so users can understand the state, make the right decision and complete the task confidently.","The product ignores loading states, increasing confusion, user effort, accessibility risk or operational friction.","Relevant to broker portals, PAS workflows, quote-and-buy journeys, customer portals, claims, documents, MTAs and servicing tasks.","Apply with context. PAS users may need dense data, shortcuts and persistent workflow context; clarity should support speed, not hide useful information.","task completion rate, time on task, support themes, usability test observations.","Can a user complete this workflow with appropriate loading states without unnecessary confusion, friction or risk?",102
Microinteractions,microinteractions,Interaction design,Interaction design,"Microinteractions is an experience quality consideration within interaction design that affects how users understand, navigate or complete work.","Predictable controls and feedback reduce hesitation, errors and repeated actions.",Interaction design and usability heuristics,Medium-High,"Fewer misclicks, clearer actions and safer workflows.",Operational Efficiency + Risk Reduction,"May reduce rework, support demand, task time, user error, accessibility risk or design inconsistency depending on the workflow volume and severity.","The product applies microinteractions deliberately within the workflow so users can understand the state, make the right decision and complete the task confidently.","The product ignores microinteractions, increasing confusion, user effort, accessibility risk or operational friction.","Relevant to broker portals, PAS workflows, quote-and-buy journeys, customer portals, claims, documents, MTAs and servicing tasks.","Apply with context. PAS users may need dense data, shortcuts and persistent workflow context; clarity should support speed, not hide useful information.","task completion rate, time on task, support themes, usability test observations.","Can a user complete this workflow with appropriate microinteractions without unnecessary confusion, friction or risk?",103
Navigation placement,navigation-placement,Interaction design,Interaction design,"Navigation placement is an experience quality consideration within interaction design that affects how users understand, navigate or complete work.","Predictable controls and feedback reduce hesitation, errors and repeated actions.",Interaction design and usability heuristics,Medium-High,"Fewer misclicks, clearer actions and safer workflows.",Operational Efficiency + Risk Reduction,"May reduce rework, support demand, task time, user error, accessibility risk or design inconsistency depending on the workflow volume and severity.","The product applies navigation placement deliberately within the workflow so users can understand the state, make the right decision and complete the task confidently.","The product ignores navigation placement, increasing confusion, user effort, accessibility risk or operational friction.","Relevant to broker portals, PAS workflows, quote-and-buy journeys, customer portals, claims, documents, MTAs and servicing tasks.","Apply with context. PAS users may need dense data, shortcuts and persistent workflow context; clarity should support speed, not hide useful information.","task completion rate, time on task, support themes, usability test observations.","Can a user complete this workflow with appropriate navigation placement without unnecessary confusion, friction or risk?",104
Touch gestures,touch-gestures,Interaction design,Interaction design,"Touch gestures is an experience quality consideration within interaction design that affects how users understand, navigate or complete work.","Predictable controls and feedback reduce hesitation, errors and repeated actions.",Interaction design and usability heuristics,Medium-High,"Fewer misclicks, clearer actions and safer workflows.",Operational Efficiency + Risk Reduction,"May reduce rework, support demand, task time, user error, accessibility risk or design inconsistency depending on the workflow volume and severity.","The product applies touch gestures deliberately within the workflow so users can understand the state, make the right decision and complete the task confidently.","The product ignores touch gestures, increasing confusion, user effort, accessibility risk or operational friction.","Relevant to broker portals, PAS workflows, quote-and-buy journeys, customer portals, claims, documents, MTAs and servicing tasks.","Apply with context. PAS users may need dense data, shortcuts and persistent workflow context; clarity should support speed, not hide useful information.","task completion rate, time on task, support themes, usability test observations.","Can a user complete this workflow with appropriate touch gestures without unnecessary confusion, friction or risk?",105
Motion feedback,motion-feedback,Interaction design,Interaction design,"Motion feedback is an experience quality consideration within interaction design that affects how users understand, navigate or complete work.","Predictable controls and feedback reduce hesitation, errors and repeated actions.",Interaction design and usability heuristics,Medium-High,"Fewer misclicks, clearer actions and safer workflows.",Operational Efficiency + Risk Reduction,"May reduce rework, support demand, task time, user error, accessibility risk or design inconsistency depending on the workflow volume and severity.","The product applies motion feedback deliberately within the workflow so users can understand the state, make the right decision and complete the task confidently.","The product ignores motion feedback, increasing confusion, user effort, accessibility risk or operational friction.","Relevant to broker portals, PAS workflows, quote-and-buy journeys, customer portals, claims, documents, MTAs and servicing tasks.","Apply with context. PAS users may need dense data, shortcuts and persistent workflow context; clarity should support speed, not hide useful information.","task completion rate, time on task, support themes, usability test observations.","Can a user complete this workflow with appropriate motion feedback without unnecessary confusion, friction or risk?",106
Sticky actions,sticky-actions,Interaction design,Interaction design,"Sticky actions is an experience quality consideration within interaction design that affects how users understand, navigate or complete work.","Predictable controls and feedback reduce hesitation, errors and repeated actions.",Interaction design and usability heuristics,Medium-High,"Fewer misclicks, clearer actions and safer workflows.",Operational Efficiency + Risk Reduction,"May reduce rework, support demand, task time, user error, accessibility risk or design inconsistency depending on the workflow volume and severity.","The product applies sticky actions deliberately within the workflow so users can understand the state, make the right decision and complete the task confidently.","The product ignores sticky actions, increasing confusion, user effort, accessibility risk or operational friction.","Relevant to broker portals, PAS workflows, quote-and-buy journeys, customer portals, claims, documents, MTAs and servicing tasks.","Apply with context. PAS users may need dense data, shortcuts and persistent workflow context; clarity should support speed, not hide useful information.","task completion rate, time on task, support themes, usability test observations.","Can a user complete this workflow with appropriate sticky actions without unnecessary confusion, friction or risk?",107
Keyboard accelerators,keyboard-accelerators,Interaction design,Interaction design,"Keyboard accelerators is an experience quality consideration within interaction design that affects how users understand, navigate or complete work.","Predictable controls and feedback reduce hesitation, errors and repeated actions.",Interaction design and usability heuristics,Medium-High,"Fewer misclicks, clearer actions and safer workflows.",Operational Efficiency + Risk Reduction,"May reduce rework, support demand, task time, user error, accessibility risk or design inconsistency depending on the workflow volume and severity.",Power users can move through common servicing tasks using keyboard navigation and shortcuts.,"Every action requires mouse navigation through repeated menus, reducing speed and increasing fatigue.","Relevant to broker portals, PAS workflows, quote-and-buy journeys, customer portals, claims, documents, MTAs and servicing tasks.","Apply with context. PAS users may need dense data, shortcuts and persistent workflow context; clarity should support speed, not hide useful information.","task completion rate, time on task, support themes, usability test observations.","Can a user complete this workflow with appropriate keyboard accelerators without unnecessary confusion, friction or risk?",108
Desktop-first enterprise UX,desktop-first-enterprise-ux,Responsive & device behaviour,Responsive & device behaviour,"Desktop-first enterprise UX is an experience quality consideration within responsive & device behaviour that affects how users understand, navigate or complete work.","Device, screen size and input method change task behaviour; enterprise workflows may remain desktop-first.",Responsive UX and device behaviour research,Medium-High,Better experience across the devices and contexts users actually use.,Experience Quality + Reach,"May reduce rework, support demand, task time, user error, accessibility risk or design inconsistency depending on the workflow volume and severity.","The product applies desktop-first enterprise ux deliberately within the workflow so users can understand the state, make the right decision and complete the task confidently.","The product ignores desktop-first enterprise ux, increasing confusion, user effort, accessibility risk or operational friction.","Relevant to broker portals, PAS workflows, quote-and-buy journeys, customer portals, claims, documents, MTAs and servicing tasks.","Apply with context. PAS users may need dense data, shortcuts and persistent workflow context; clarity should support speed, not hide useful information.","task completion rate, time on task, support themes, usability test observations.","Can a user complete this workflow with appropriate desktop-first enterprise ux without unnecessary confusion, friction or risk?",109
Mobile customer journeys,mobile-customer-journeys,Responsive & device behaviour,Responsive & device behaviour,"Mobile customer journeys is an experience quality consideration within responsive & device behaviour that affects how users understand, navigate or complete work.","Device, screen size and input method change task behaviour; enterprise workflows may remain desktop-first.",Responsive UX and device behaviour research,Medium-High,Better experience across the devices and contexts users actually use.,Experience Quality + Reach,"May reduce rework, support demand, task time, user error, accessibility risk or design inconsistency depending on the workflow volume and severity.","The product applies mobile customer journeys deliberately within the workflow so users can understand the state, make the right decision and complete the task confidently.","The product ignores mobile customer journeys, increasing confusion, user effort, accessibility risk or operational friction.","Relevant to broker portals, PAS workflows, quote-and-buy journeys, customer portals, claims, documents, MTAs and servicing tasks.","Apply with context. PAS users may need dense data, shortcuts and persistent workflow context; clarity should support speed, not hide useful information.","task completion rate, time on task, support themes, usability test observations.","Can a user complete this workflow with appropriate mobile customer journeys without unnecessary confusion, friction or risk?",110
Tablet workflows,tablet-workflows,Responsive & device behaviour,Responsive & device behaviour,"Tablet workflows is an experience quality consideration within responsive & device behaviour that affects how users understand, navigate or complete work.","Device, screen size and input method change task behaviour; enterprise workflows may remain desktop-first.",Responsive UX and device behaviour research,Medium-High,Better experience across the devices and contexts users actually use.,Experience Quality + Reach,"May reduce rework, support demand, task time, user error, accessibility risk or design inconsistency depending on the workflow volume and severity.","The product applies tablet workflows deliberately within the workflow so users can understand the state, make the right decision and complete the task confidently.","The product ignores tablet workflows, increasing confusion, user effort, accessibility risk or operational friction.","Relevant to broker portals, PAS workflows, quote-and-buy journeys, customer portals, claims, documents, MTAs and servicing tasks.","Apply with context. PAS users may need dense data, shortcuts and persistent workflow context; clarity should support speed, not hide useful information.","task completion rate, time on task, support themes, usability test observations.","Can a user complete this workflow with appropriate tablet workflows without unnecessary confusion, friction or risk?",111
Responsive density,responsive-density,Responsive & device behaviour,Responsive & device behaviour,"Responsive density is an experience quality consideration within responsive & device behaviour that affects how users understand, navigate or complete work.","Device, screen size and input method change task behaviour; enterprise workflows may remain desktop-first.",Responsive UX and device behaviour research,Medium-High,Better experience across the devices and contexts users actually use.,Experience Quality + Reach,"May reduce rework, support demand, task time, user error, accessibility risk or design inconsistency depending on the workflow volume and severity.","The product applies responsive density deliberately within the workflow so users can understand the state, make the right decision and complete the task confidently.","The product ignores responsive density, increasing confusion, user effort, accessibility risk or operational friction.","Relevant to broker portals, PAS workflows, quote-and-buy journeys, customer portals, claims, documents, MTAs and servicing tasks.","Apply with context. PAS users may need dense data, shortcuts and persistent workflow context; clarity should support speed, not hide useful information.","task completion rate, time on task, support themes, usability test observations.","Can a user complete this workflow with appropriate responsive density without unnecessary confusion, friction or risk?",112
Browser compatibility,browser-compatibility,Responsive & device behaviour,Responsive & device behaviour,"Browser compatibility is an experience quality consideration within responsive & device behaviour that affects how users understand, navigate or complete work.","Device, screen size and input method change task behaviour; enterprise workflows may remain desktop-first.",Responsive UX and device behaviour research,Medium-High,Better experience across the devices and contexts users actually use.,Experience Quality + Reach,"May reduce rework, support demand, task time, user error, accessibility risk or design inconsistency depending on the workflow volume and severity.","The product applies browser compatibility deliberately within the workflow so users can understand the state, make the right decision and complete the task confidently.","The product ignores browser compatibility, increasing confusion, user effort, accessibility risk or operational friction.","Relevant to broker portals, PAS workflows, quote-and-buy journeys, customer portals, claims, documents, MTAs and servicing tasks.","Apply with context. PAS users may need dense data, shortcuts and persistent workflow context; clarity should support speed, not hide useful information.","task completion rate, time on task, support themes, usability test observations.","Can a user complete this workflow with appropriate browser compatibility without unnecessary confusion, friction or risk?",113
Viewport prioritisation,viewport-prioritisation,Responsive & device behaviour,Responsive & device behaviour,"Viewport prioritisation is an experience quality consideration within responsive & device behaviour that affects how users understand, navigate or complete work.","Device, screen size and input method change task behaviour; enterprise workflows may remain desktop-first.",Responsive UX and device behaviour research,Medium-High,Better experience across the devices and contexts users actually use.,Experience Quality + Reach,"May reduce rework, support demand, task time, user error, accessibility risk or design inconsistency depending on the workflow volume and severity.","The product applies viewport prioritisation deliberately within the workflow so users can understand the state, make the right decision and complete the task confidently.","The product ignores viewport prioritisation, increasing confusion, user effort, accessibility risk or operational friction.","Relevant to broker portals, PAS workflows, quote-and-buy journeys, customer portals, claims, documents, MTAs and servicing tasks.","Apply with context. PAS users may need dense data, shortcuts and persistent workflow context; clarity should support speed, not hide useful information.","task completion rate, time on task, support themes, usability test observations.","Can a user complete this workflow with appropriate viewport prioritisation without unnecessary confusion, friction or risk?",114
Fold awareness,fold-awareness,Responsive & device behaviour,Responsive & device behaviour,"Fold awareness is an experience quality consideration within responsive & device behaviour that affects how users understand, navigate or complete work.","Device, screen size and input method change task behaviour; enterprise workflows may remain desktop-first.",Responsive UX and device behaviour research,Medium-High,Better experience across the devices and contexts users actually use.,Experience Quality + Reach,"May reduce rework, support demand, task time, user error, accessibility risk or design inconsistency depending on the workflow volume and severity.","The product applies fold awareness deliberately within the workflow so users can understand the state, make the right decision and complete the task confidently.","The product ignores fold awareness, increasing confusion, user effort, accessibility risk or operational friction.","Relevant to broker portals, PAS workflows, quote-and-buy journeys, customer portals, claims, documents, MTAs and servicing tasks.","Apply with context. PAS users may need dense data, shortcuts and persistent workflow context; clarity should support speed, not hide useful information.","task completion rate, time on task, support themes, usability test observations.","Can a user complete this workflow with appropriate fold awareness without unnecessary confusion, friction or risk?",115
Input methods,input-methods,Responsive & device behaviour,Responsive & device behaviour,"Input methods is an experience quality consideration within responsive & device behaviour that affects how users understand, navigate or complete work.","Device, screen size and input method change task behaviour; enterprise workflows may remain desktop-first.",Responsive UX and device behaviour research,Medium-High,Better experience across the devices and contexts users actually use.,Experience Quality + Reach,"May reduce rework, support demand, task time, user error, accessibility risk or design inconsistency depending on the workflow volume and severity.","The product applies input methods deliberately within the workflow so users can understand the state, make the right decision and complete the task confidently.","The product ignores input methods, increasing confusion, user effort, accessibility risk or operational friction.","Relevant to broker portals, PAS workflows, quote-and-buy journeys, customer portals, claims, documents, MTAs and servicing tasks.","Apply with context. PAS users may need dense data, shortcuts and persistent workflow context; clarity should support speed, not hide useful information.","task completion rate, time on task, support themes, usability test observations.","Can a user complete this workflow with appropriate input methods without unnecessary confusion, friction or risk?",116
Device switching,device-switching,Responsive & device behaviour,Responsive & device behaviour,"Device switching is an experience quality consideration within responsive & device behaviour that affects how users understand, navigate or complete work.","Device, screen size and input method change task behaviour; enterprise workflows may remain desktop-first.",Responsive UX and device behaviour research,Medium-High,Better experience across the devices and contexts users actually use.,Experience Quality + Reach,"May reduce rework, support demand, task time, user error, accessibility risk or design inconsistency depending on the workflow volume and severity.","The product applies device switching deliberately within the workflow so users can understand the state, make the right decision and complete the task confidently.","The product ignores device switching, increasing confusion, user effort, accessibility risk or operational friction.","Relevant to broker portals, PAS workflows, quote-and-buy journeys, customer portals, claims, documents, MTAs and servicing tasks.","Apply with context. PAS users may need dense data, shortcuts and persistent workflow context; clarity should support speed, not hide useful information.","task completion rate, time on task, support themes, usability test observations.","Can a user complete this workflow with appropriate device switching without unnecessary confusion, friction or risk?",117
Multi-screen workflows,multi-screen-workflows,Responsive & device behaviour,Responsive & device behaviour,"Multi-screen workflows is an experience quality consideration within responsive & device behaviour that affects how users understand, navigate or complete work.","Device, screen size and input method change task behaviour; enterprise workflows may remain desktop-first.",Responsive UX and device behaviour research,Medium-High,Better experience across the devices and contexts users actually use.,Experience Quality + Reach,"May reduce rework, support demand, task time, user error, accessibility risk or design inconsistency depending on the workflow volume and severity.","The product applies multi-screen workflows deliberately within the workflow so users can understand the state, make the right decision and complete the task confidently.","The product ignores multi-screen workflows, increasing confusion, user effort, accessibility risk or operational friction.","Relevant to broker portals, PAS workflows, quote-and-buy journeys, customer portals, claims, documents, MTAs and servicing tasks.","Apply with context. PAS users may need dense data, shortcuts and persistent workflow context; clarity should support speed, not hide useful information.","task completion rate, time on task, support themes, usability test observations.","Can a user complete this workflow with appropriate multi-screen workflows without unnecessary confusion, friction or risk?",118
Large monitor layouts,large-monitor-layouts,Responsive & device behaviour,Responsive & device behaviour,"Large monitor layouts is an experience quality consideration within responsive & device behaviour that affects how users understand, navigate or complete work.","Device, screen size and input method change task behaviour; enterprise workflows may remain desktop-first.",Responsive UX and device behaviour research,Medium-High,Better experience across the devices and contexts users actually use.,Experience Quality + Reach,"May reduce rework, support demand, task time, user error, accessibility risk or design inconsistency depending on the workflow volume and severity.","The product applies large monitor layouts deliberately within the workflow so users can understand the state, make the right decision and complete the task confidently.","The product ignores large monitor layouts, increasing confusion, user effort, accessibility risk or operational friction.","Relevant to broker portals, PAS workflows, quote-and-buy journeys, customer portals, claims, documents, MTAs and servicing tasks.","Apply with context. PAS users may need dense data, shortcuts and persistent workflow context; clarity should support speed, not hide useful information.","task completion rate, time on task, support themes, usability test observations.","Can a user complete this workflow with appropriate large monitor layouts without unnecessary confusion, friction or risk?",119
Print and document outputs,print-and-document-outputs,Responsive & device behaviour,Responsive & device behaviour,"Print and document outputs is an experience quality consideration within responsive & device behaviour that affects how users understand, navigate or complete work.","Device, screen size and input method change task behaviour; enterprise workflows may remain desktop-first.",Responsive UX and device behaviour research,Medium-High,Better experience across the devices and contexts users actually use.,Experience Quality + Reach,"May reduce rework, support demand, task time, user error, accessibility risk or design inconsistency depending on the workflow volume and severity.","The product applies print and document outputs deliberately within the workflow so users can understand the state, make the right decision and complete the task confidently.","The product ignores print and document outputs, increasing confusion, user effort, accessibility risk or operational friction.","Relevant to broker portals, PAS workflows, quote-and-buy journeys, customer portals, claims, documents, MTAs and servicing tasks.","Apply with context. PAS users may need dense data, shortcuts and persistent workflow context; clarity should support speed, not hide useful information.","task completion rate, time on task, support themes, usability test observations.","Can a user complete this workflow with appropriate print and document outputs without unnecessary confusion, friction or risk?",120
Digital confidence by age,digital-confidence-by-age,demographics & behaviour,demographics & behaviour,"Digital confidence by age is an experience quality consideration within demographics & behaviour that affects how users understand, navigate or complete work.","Needs vary by experience, confidence, accessibility, task familiarity and context. Avoid stereotypes and test with real users.",Digital inclusion and behavioural research,Medium,"Reduced friction, clearer decisions and more consistent experience quality.",Experience Quality + Operational Efficiency,"May reduce rework, support demand, task time, user error, accessibility risk or design inconsistency depending on the workflow volume and severity.","The product applies digital confidence by age deliberately within the workflow so users can understand the state, make the right decision and complete the task confidently.","The product ignores digital confidence by age, increasing confusion, user effort, accessibility risk or operational friction.","Relevant to broker portals, PAS workflows, quote-and-buy journeys, customer portals, claims, documents, MTAs and servicing tasks.","Apply with context. PAS users may need dense data, shortcuts and persistent workflow context; clarity should support speed, not hide useful information.","task completion rate, time on task, support themes, usability test observations.","Can a user complete this workflow with appropriate digital confidence by age without unnecessary confusion, friction or risk?",121
Accessibility needs with age,accessibility-needs-with-age,demographics & behaviour,demographics & behaviour,"Accessibility needs with age is an experience quality consideration within demographics & behaviour that affects how users understand, navigate or complete work.","Needs vary by experience, confidence, accessibility, task familiarity and context. Avoid stereotypes and test with real users.",Digital inclusion and behavioural research,Medium,"Reduced friction, clearer decisions and more consistent experience quality.",Experience Quality + Operational Efficiency,"May reduce rework, support demand, task time, user error, accessibility risk or design inconsistency depending on the workflow volume and severity.","The product applies accessibility needs with age deliberately within the workflow so users can understand the state, make the right decision and complete the task confidently.","The product ignores accessibility needs with age, increasing confusion, user effort, accessibility risk or operational friction.","Relevant to broker portals, PAS workflows, quote-and-buy journeys, customer portals, claims, documents, MTAs and servicing tasks.","Apply with context. PAS users may need dense data, shortcuts and persistent workflow context; clarity should support speed, not hide useful information.","task completion rate, time on task, support themes, usability test observations.","Can a user complete this workflow with appropriate accessibility needs with age without unnecessary confusion, friction or risk?",122
Device preferences,device-preferences,demographics & behaviour,demographics & behaviour,"Device preferences is an experience quality consideration within demographics & behaviour that affects how users understand, navigate or complete work.","Needs vary by experience, confidence, accessibility, task familiarity and context. Avoid stereotypes and test with real users.",Digital inclusion and behavioural research,Medium,"Reduced friction, clearer decisions and more consistent experience quality.",Experience Quality + Operational Efficiency,"May reduce rework, support demand, task time, user error, accessibility risk or design inconsistency depending on the workflow volume and severity.","The product applies device preferences deliberately within the workflow so users can understand the state, make the right decision and complete the task confidently.","The product ignores device preferences, increasing confusion, user effort, accessibility risk or operational friction.","Relevant to broker portals, PAS workflows, quote-and-buy journeys, customer portals, claims, documents, MTAs and servicing tasks.","Apply with context. PAS users may need dense data, shortcuts and persistent workflow context; clarity should support speed, not hide useful information.","task completion rate, time on task, support themes, usability test observations.","Can a user complete this workflow with appropriate device preferences without unnecessary confusion, friction or risk?",123
Digital literacy,digital-literacy,demographics & behaviour,demographics & behaviour,"Digital literacy is an experience quality consideration within demographics & behaviour that affects how users understand, navigate or complete work.","Needs vary by experience, confidence, accessibility, task familiarity and context. Avoid stereotypes and test with real users.",Digital inclusion and behavioural research,Medium,"Reduced friction, clearer decisions and more consistent experience quality.",Experience Quality + Operational Efficiency,"May reduce rework, support demand, task time, user error, accessibility risk or design inconsistency depending on the workflow volume and severity.","The product applies digital literacy deliberately within the workflow so users can understand the state, make the right decision and complete the task confidently.","The product ignores digital literacy, increasing confusion, user effort, accessibility risk or operational friction.","Relevant to broker portals, PAS workflows, quote-and-buy journeys, customer portals, claims, documents, MTAs and servicing tasks.","Apply with context. PAS users may need dense data, shortcuts and persistent workflow context; clarity should support speed, not hide useful information.","task completion rate, time on task, support themes, usability test observations.","Can a user complete this workflow with appropriate digital literacy without unnecessary confusion, friction or risk?",124
Neurodiversity considerations,neurodiversity-considerations,demographics & behaviour,demographics & behaviour,"Neurodiversity considerations is an experience quality consideration within demographics & behaviour that affects how users understand, navigate or complete work.","Needs vary by experience, confidence, accessibility, task familiarity and context. Avoid stereotypes and test with real users.",Digital inclusion and behavioural research,Medium,"Reduced friction, clearer decisions and more consistent experience quality.",Experience Quality + Operational Efficiency,"May reduce rework, support demand, task time, user error, accessibility risk or design inconsistency depending on the workflow volume and severity.","The product applies neurodiversity considerations deliberately within the workflow so users can understand the state, make the right decision and complete the task confidently.","The product ignores neurodiversity considerations, increasing confusion, user effort, accessibility risk or operational friction.","Relevant to broker portals, PAS workflows, quote-and-buy journeys, customer portals, claims, documents, MTAs and servicing tasks.","Apply with context. PAS users may need dense data, shortcuts and persistent workflow context; clarity should support speed, not hide useful information.","task completion rate, time on task, support themes, usability test observations.","Can a user complete this workflow with appropriate neurodiversity considerations without unnecessary confusion, friction or risk?",125
Task familiarity,task-familiarity,demographics & behaviour,demographics & behaviour,"Task familiarity is an experience quality consideration within demographics & behaviour that affects how users understand, navigate or complete work.","Needs vary by experience, confidence, accessibility, task familiarity and context. Avoid stereotypes and test with real users.",Digital inclusion and behavioural research,Medium,"Reduced friction, clearer decisions and more consistent experience quality.",Experience Quality + Operational Efficiency,"May reduce rework, support demand, task time, user error, accessibility risk or design inconsistency depending on the workflow volume and severity.","The product applies task familiarity deliberately within the workflow so users can understand the state, make the right decision and complete the task confidently.","The product ignores task familiarity, increasing confusion, user effort, accessibility risk or operational friction.","Relevant to broker portals, PAS workflows, quote-and-buy journeys, customer portals, claims, documents, MTAs and servicing tasks.","Apply with context. PAS users may need dense data, shortcuts and persistent workflow context; clarity should support speed, not hide useful information.","task completion rate, time on task, support themes, usability test observations.","Can a user complete this workflow with appropriate task familiarity without unnecessary confusion, friction or risk?",126
Trust perception differences,trust-perception-differences,demographics & behaviour,demographics & behaviour,"Trust perception differences is an experience quality consideration within demographics & behaviour that affects how users understand, navigate or complete work.","Needs vary by experience, confidence, accessibility, task familiarity and context. Avoid stereotypes and test with real users.",Digital inclusion and behavioural research,Medium,"Reduced friction, clearer decisions and more consistent experience quality.",Experience Quality + Operational Efficiency,"May reduce rework, support demand, task time, user error, accessibility risk or design inconsistency depending on the workflow volume and severity.","The product applies trust perception differences deliberately within the workflow so users can understand the state, make the right decision and complete the task confidently.","The product ignores trust perception differences, increasing confusion, user effort, accessibility risk or operational friction.","Relevant to broker portals, PAS workflows, quote-and-buy journeys, customer portals, claims, documents, MTAs and servicing tasks.","Apply with context. PAS users may need dense data, shortcuts and persistent workflow context; clarity should support speed, not hide useful information.","task completion rate, time on task, support themes, usability test observations.","Can a user complete this workflow with appropriate trust perception differences without unnecessary confusion, friction or risk?",127
User confidence,user-confidence,demographics & behaviour,demographics & behaviour,"User confidence is an experience quality consideration within demographics & behaviour that affects how users understand, navigate or complete work.","Needs vary by experience, confidence, accessibility, task familiarity and context. Avoid stereotypes and test with real users.",Digital inclusion and behavioural research,Medium,"Reduced friction, clearer decisions and more consistent experience quality.",Experience Quality + Operational Efficiency,"May reduce rework, support demand, task time, user error, accessibility risk or design inconsistency depending on the workflow volume and severity.","The product applies user confidence deliberately within the workflow so users can understand the state, make the right decision and complete the task confidently.","The product ignores user confidence, increasing confusion, user effort, accessibility risk or operational friction.","Relevant to broker portals, PAS workflows, quote-and-buy journeys, customer portals, claims, documents, MTAs and servicing tasks.","Apply with context. PAS users may need dense data, shortcuts and persistent workflow context; clarity should support speed, not hide useful information.","task completion rate, time on task, support themes, usability test observations.","Can a user complete this workflow with appropriate user confidence without unnecessary confusion, friction or risk?",128
Stress and urgency,stress-and-urgency,demographics & behaviour,demographics & behaviour,"Stress and urgency is an experience quality consideration within demographics & behaviour that affects how users understand, navigate or complete work.","Needs vary by experience, confidence, accessibility, task familiarity and context. Avoid stereotypes and test with real users.",Digital inclusion and behavioural research,Medium,"Reduced friction, clearer decisions and more consistent experience quality.",Experience Quality + Operational Efficiency,"May reduce rework, support demand, task time, user error, accessibility risk or design inconsistency depending on the workflow volume and severity.","The product applies stress and urgency deliberately within the workflow so users can understand the state, make the right decision and complete the task confidently.","The product ignores stress and urgency, increasing confusion, user effort, accessibility risk or operational friction.","Relevant to broker portals, PAS workflows, quote-and-buy journeys, customer portals, claims, documents, MTAs and servicing tasks.","Apply with context. PAS users may need dense data, shortcuts and persistent workflow context; clarity should support speed, not hide useful information.","task completion rate, time on task, support themes, usability test observations.","Can a user complete this workflow with appropriate stress and urgency without unnecessary confusion, friction or risk?",129
Learning curve,learning-curve,demographics & behaviour,demographics & behaviour,"Learning curve is an experience quality consideration within demographics & behaviour that affects how users understand, navigate or complete work.","Needs vary by experience, confidence, accessibility, task familiarity and context. Avoid stereotypes and test with real users.",Digital inclusion and behavioural research,Medium,"Reduced friction, clearer decisions and more consistent experience quality.",Experience Quality + Operational Efficiency,"May reduce rework, support demand, task time, user error, accessibility risk or design inconsistency depending on the workflow volume and severity.","The product applies learning curve deliberately within the workflow so users can understand the state, make the right decision and complete the task confidently.","The product ignores learning curve, increasing confusion, user effort, accessibility risk or operational friction.","Relevant to broker portals, PAS workflows, quote-and-buy journeys, customer portals, claims, documents, MTAs and servicing tasks.","Apply with context. PAS users may need dense data, shortcuts and persistent workflow context; clarity should support speed, not hide useful information.","task completion rate, time on task, support themes, usability test observations.","Can a user complete this workflow with appropriate learning curve without unnecessary confusion, friction or risk?",130
Power users vs occasional users,power-users-vs-occasional-users,demographics & behaviour,demographics & behaviour,"Power users vs occasional users is an experience quality consideration within demographics & behaviour that affects how users understand, navigate or complete work.","Needs vary by experience, confidence, accessibility, task familiarity and context. Avoid stereotypes and test with real users.",Digital inclusion and behavioural research,Medium,"Reduced friction, clearer decisions and more consistent experience quality.",Experience Quality + Operational Efficiency,"May reduce rework, support demand, task time, user error, accessibility risk or design inconsistency depending on the workflow volume and severity.","The product applies power users vs occasional users deliberately within the workflow so users can understand the state, make the right decision and complete the task confidently.","The product ignores power users vs occasional users, increasing confusion, user effort, accessibility risk or operational friction.","Relevant to broker portals, PAS workflows, quote-and-buy journeys, customer portals, claims, documents, MTAs and servicing tasks.","Apply with context. PAS users may need dense data, shortcuts and persistent workflow context; clarity should support speed, not hide useful information.","task completion rate, time on task, support themes, usability test observations.","Can a user complete this workflow with appropriate power users vs occasional users without unnecessary confusion, friction or risk?",131
Internal vs external users,internal-vs-external-users,demographics & behaviour,demographics & behaviour,"Internal vs external users is an experience quality consideration within demographics & behaviour that affects how users understand, navigate or complete work.","Needs vary by experience, confidence, accessibility, task familiarity and context. Avoid stereotypes and test with real users.",Digital inclusion and behavioural research,Medium,"Reduced friction, clearer decisions and more consistent experience quality.",Experience Quality + Operational Efficiency,"May reduce rework, support demand, task time, user error, accessibility risk or design inconsistency depending on the workflow volume and severity.","The product applies internal vs external users deliberately within the workflow so users can understand the state, make the right decision and complete the task confidently.","The product ignores internal vs external users, increasing confusion, user effort, accessibility risk or operational friction.","Relevant to broker portals, PAS workflows, quote-and-buy journeys, customer portals, claims, documents, MTAs and servicing tasks.","Apply with context. PAS users may need dense data, shortcuts and persistent workflow context; clarity should support speed, not hide useful information.","task completion rate, time on task, support themes, usability test observations.","Can a user complete this workflow with appropriate internal vs external users without unnecessary confusion, friction or risk?",132
System Usability Scale,system-usability-scale,Research & measurement,Research & measurement,"System Usability Scale is an experience quality consideration within research & measurement that affects how users understand, navigate or complete work.","Measurement makes UX visible. SUS, task success, time-on-task and error rate give teams ways to compare and track experience quality.","MeasuringU, NN/g, CX research",High,"Earlier issue discovery, clearer prioritisation and reduced late-stage rework.",Evidence Value,"May reduce rework, support demand, task time, user error, accessibility risk or design inconsistency depending on the workflow volume and severity.","The product applies system usability scale deliberately within the workflow so users can understand the state, make the right decision and complete the task confidently.","The product ignores system usability scale, increasing confusion, user effort, accessibility risk or operational friction.","Relevant to broker portals, PAS workflows, quote-and-buy journeys, customer portals, claims, documents, MTAs and servicing tasks.","Apply with context. PAS users may need dense data, shortcuts and persistent workflow context; clarity should support speed, not hide useful information.","SUS, CES, task success, error rate, confidence score.","Can a user complete this workflow with appropriate system usability scale without unnecessary confusion, friction or risk?",133
Customer Effort Score,customer-effort-score,Research & measurement,Research & measurement,"Customer Effort Score is an experience quality consideration within research & measurement that affects how users understand, navigate or complete work.","Measurement makes UX visible. SUS, task success, time-on-task and error rate give teams ways to compare and track experience quality.","MeasuringU, NN/g, CX research",High,"Earlier issue discovery, clearer prioritisation and reduced late-stage rework.",Evidence Value,"May reduce rework, support demand, task time, user error, accessibility risk or design inconsistency depending on the workflow volume and severity.","The product applies customer effort score deliberately within the workflow so users can understand the state, make the right decision and complete the task confidently.","The product ignores customer effort score, increasing confusion, user effort, accessibility risk or operational friction.","Relevant to broker portals, PAS workflows, quote-and-buy journeys, customer portals, claims, documents, MTAs and servicing tasks.","Apply with context. PAS users may need dense data, shortcuts and persistent workflow context; clarity should support speed, not hide useful information.","SUS, CES, task success, error rate, confidence score.","Can a user complete this workflow with appropriate customer effort score without unnecessary confusion, friction or risk?",134
NPS,nps,Research & measurement,Research & measurement,"NPS is an experience quality consideration within research & measurement that affects how users understand, navigate or complete work.","Measurement makes UX visible. SUS, task success, time-on-task and error rate give teams ways to compare and track experience quality.","MeasuringU, NN/g, CX research",High,"Earlier issue discovery, clearer prioritisation and reduced late-stage rework.",Evidence Value,"May reduce rework, support demand, task time, user error, accessibility risk or design inconsistency depending on the workflow volume and severity.","The product applies nps deliberately within the workflow so users can understand the state, make the right decision and complete the task confidently.","The product ignores nps, increasing confusion, user effort, accessibility risk or operational friction.","Relevant to broker portals, PAS workflows, quote-and-buy journeys, customer portals, claims, documents, MTAs and servicing tasks.","Apply with context. PAS users may need dense data, shortcuts and persistent workflow context; clarity should support speed, not hide useful information.","SUS, CES, task success, error rate, confidence score.","Can a user complete this workflow with appropriate nps without unnecessary confusion, friction or risk?",135
Task success rate,task-success-rate,Research & measurement,Research & measurement,"Task success rate is an experience quality consideration within research & measurement that affects how users understand, navigate or complete work.","Measurement makes UX visible. SUS, task success, time-on-task and error rate give teams ways to compare and track experience quality.","MeasuringU, NN/g, CX research",High,"Earlier issue discovery, clearer prioritisation and reduced late-stage rework.",Evidence Value,"May reduce rework, support demand, task time, user error, accessibility risk or design inconsistency depending on the workflow volume and severity.","The product applies task success rate deliberately within the workflow so users can understand the state, make the right decision and complete the task confidently.","The product ignores task success rate, increasing confusion, user effort, accessibility risk or operational friction.","Relevant to broker portals, PAS workflows, quote-and-buy journeys, customer portals, claims, documents, MTAs and servicing tasks.","Apply with context. PAS users may need dense data, shortcuts and persistent workflow context; clarity should support speed, not hide useful information.","SUS, CES, task success, error rate, confidence score.","Can a user complete this workflow with appropriate task success rate without unnecessary confusion, friction or risk?",136
Time on task,time-on-task,Research & measurement,Research & measurement,"Time on task is an experience quality consideration within research & measurement that affects how users understand, navigate or complete work.","Measurement makes UX visible. SUS, task success, time-on-task and error rate give teams ways to compare and track experience quality.","MeasuringU, NN/g, CX research",High,"Earlier issue discovery, clearer prioritisation and reduced late-stage rework.",Evidence Value,"May reduce rework, support demand, task time, user error, accessibility risk or design inconsistency depending on the workflow volume and severity.","The product applies time on task deliberately within the workflow so users can understand the state, make the right decision and complete the task confidently.","The product ignores time on task, increasing confusion, user effort, accessibility risk or operational friction.","Relevant to broker portals, PAS workflows, quote-and-buy journeys, customer portals, claims, documents, MTAs and servicing tasks.","Apply with context. PAS users may need dense data, shortcuts and persistent workflow context; clarity should support speed, not hide useful information.","SUS, CES, task success, error rate, confidence score.","Can a user complete this workflow with appropriate time on task without unnecessary confusion, friction or risk?",137
Error rate,error-rate,Research & measurement,Research & measurement,"Error rate is an experience quality consideration within research & measurement that affects how users understand, navigate or complete work.","Measurement makes UX visible. SUS, task success, time-on-task and error rate give teams ways to compare and track experience quality.","MeasuringU, NN/g, CX research",High,"Earlier issue discovery, clearer prioritisation and reduced late-stage rework.",Evidence Value,"May reduce rework, support demand, task time, user error, accessibility risk or design inconsistency depending on the workflow volume and severity.",The system prevents invalid dates and explains field errors clearly at the point of entry.,Users complete a long form then receive a generic error message with no clear location or recovery guidance.,"Relevant to broker portals, PAS workflows, quote-and-buy journeys, customer portals, claims, documents, MTAs and servicing tasks.","Apply with context. PAS users may need dense data, shortcuts and persistent workflow context; clarity should support speed, not hide useful information.","SUS, CES, task success, error rate, confidence score.","Can a user complete this workflow with appropriate error rate without unnecessary confusion, friction or risk?",138
Completion rate,completion-rate,Research & measurement,Research & measurement,"Completion rate is an experience quality consideration within research & measurement that affects how users understand, navigate or complete work.","Measurement makes UX visible. SUS, task success, time-on-task and error rate give teams ways to compare and track experience quality.","MeasuringU, NN/g, CX research",High,"Earlier issue discovery, clearer prioritisation and reduced late-stage rework.",Evidence Value,"May reduce rework, support demand, task time, user error, accessibility risk or design inconsistency depending on the workflow volume and severity.","The product applies completion rate deliberately within the workflow so users can understand the state, make the right decision and complete the task confidently.","The product ignores completion rate, increasing confusion, user effort, accessibility risk or operational friction.","Relevant to broker portals, PAS workflows, quote-and-buy journeys, customer portals, claims, documents, MTAs and servicing tasks.","Apply with context. PAS users may need dense data, shortcuts and persistent workflow context; clarity should support speed, not hide useful information.","SUS, CES, task success, error rate, confidence score.","Can a user complete this workflow with appropriate completion rate without unnecessary confusion, friction or risk?",139
Abandonment rate,abandonment-rate,Research & measurement,Research & measurement,"Abandonment rate is an experience quality consideration within research & measurement that affects how users understand, navigate or complete work.","Measurement makes UX visible. SUS, task success, time-on-task and error rate give teams ways to compare and track experience quality.","MeasuringU, NN/g, CX research",High,"Earlier issue discovery, clearer prioritisation and reduced late-stage rework.",Evidence Value,"May reduce rework, support demand, task time, user error, accessibility risk or design inconsistency depending on the workflow volume and severity.","The product applies abandonment rate deliberately within the workflow so users can understand the state, make the right decision and complete the task confidently.","The product ignores abandonment rate, increasing confusion, user effort, accessibility risk or operational friction.","Relevant to broker portals, PAS workflows, quote-and-buy journeys, customer portals, claims, documents, MTAs and servicing tasks.","Apply with context. PAS users may need dense data, shortcuts and persistent workflow context; clarity should support speed, not hide useful information.","SUS, CES, task success, error rate, confidence score.","Can a user complete this workflow with appropriate abandonment rate without unnecessary confusion, friction or risk?",140
Search success rate,search-success-rate,Research & measurement,Research & measurement,"Search success rate is an experience quality consideration within research & measurement that affects how users understand, navigate or complete work.","Measurement makes UX visible. SUS, task success, time-on-task and error rate give teams ways to compare and track experience quality.","MeasuringU, NN/g, CX research",High,"Earlier issue discovery, clearer prioritisation and reduced late-stage rework.",Evidence Value,"May reduce rework, support demand, task time, user error, accessibility risk or design inconsistency depending on the workflow volume and severity.","Users can quickly find policies, customers, documents and actions using predictable search and filters.",Users must know exact navigation paths or policy references before they can find anything.,"Relevant to broker portals, PAS workflows, quote-and-buy journeys, customer portals, claims, documents, MTAs and servicing tasks.","Apply with context. PAS users may need dense data, shortcuts and persistent workflow context; clarity should support speed, not hide useful information.","SUS, CES, task success, error rate, confidence score.","Can a user complete this workflow with appropriate search success rate without unnecessary confusion, friction or risk?",141
Feature adoption,feature-adoption,Research & measurement,Research & measurement,"Feature adoption is an experience quality consideration within research & measurement that affects how users understand, navigate or complete work.","Measurement makes UX visible. SUS, task success, time-on-task and error rate give teams ways to compare and track experience quality.","MeasuringU, NN/g, CX research",High,"Earlier issue discovery, clearer prioritisation and reduced late-stage rework.",Evidence Value,"May reduce rework, support demand, task time, user error, accessibility risk or design inconsistency depending on the workflow volume and severity.","The product applies feature adoption deliberately within the workflow so users can understand the state, make the right decision and complete the task confidently.","The product ignores feature adoption, increasing confusion, user effort, accessibility risk or operational friction.","Relevant to broker portals, PAS workflows, quote-and-buy journeys, customer portals, claims, documents, MTAs and servicing tasks.","Apply with context. PAS users may need dense data, shortcuts and persistent workflow context; clarity should support speed, not hide useful information.","SUS, CES, task success, error rate, confidence score.","Can a user complete this workflow with appropriate feature adoption without unnecessary confusion, friction or risk?",142
Support ticket themes,support-ticket-themes,Research & measurement,Research & measurement,"Support ticket themes is an experience quality consideration within research & measurement that affects how users understand, navigate or complete work.","Measurement makes UX visible. SUS, task success, time-on-task and error rate give teams ways to compare and track experience quality.","MeasuringU, NN/g, CX research",High,"Earlier issue discovery, clearer prioritisation and reduced late-stage rework.",Evidence Value,"May reduce rework, support demand, task time, user error, accessibility risk or design inconsistency depending on the workflow volume and severity.","The product applies support ticket themes deliberately within the workflow so users can understand the state, make the right decision and complete the task confidently.","The product ignores support ticket themes, increasing confusion, user effort, accessibility risk or operational friction.","Relevant to broker portals, PAS workflows, quote-and-buy journeys, customer portals, claims, documents, MTAs and servicing tasks.","Apply with context. PAS users may need dense data, shortcuts and persistent workflow context; clarity should support speed, not hide useful information.","SUS, CES, task success, error rate, confidence score.","Can a user complete this workflow with appropriate support ticket themes without unnecessary confusion, friction or risk?",143
User sentiment,user-sentiment,Research & measurement,Research & measurement,"User sentiment is an experience quality consideration within research & measurement that affects how users understand, navigate or complete work.","Measurement makes UX visible. SUS, task success, time-on-task and error rate give teams ways to compare and track experience quality.","MeasuringU, NN/g, CX research",High,"Earlier issue discovery, clearer prioritisation and reduced late-stage rework.",Evidence Value,"May reduce rework, support demand, task time, user error, accessibility risk or design inconsistency depending on the workflow volume and severity.","The product applies user sentiment deliberately within the workflow so users can understand the state, make the right decision and complete the task confidently.","The product ignores user sentiment, increasing confusion, user effort, accessibility risk or operational friction.","Relevant to broker portals, PAS workflows, quote-and-buy journeys, customer portals, claims, documents, MTAs and servicing tasks.","Apply with context. PAS users may need dense data, shortcuts and persistent workflow context; clarity should support speed, not hide useful information.","SUS, CES, task success, error rate, confidence score.","Can a user complete this workflow with appropriate user sentiment without unnecessary confusion, friction or risk?",144
Research confidence,research-confidence,Research & measurement,Research & measurement,"Research confidence is an experience quality consideration within research & measurement that affects how users understand, navigate or complete work.","Measurement makes UX visible. SUS, task success, time-on-task and error rate give teams ways to compare and track experience quality.","MeasuringU, NN/g, CX research",High,"Earlier issue discovery, clearer prioritisation and reduced late-stage rework.",Evidence Value,"May reduce rework, support demand, task time, user error, accessibility risk or design inconsistency depending on the workflow volume and severity.","The product applies research confidence deliberately within the workflow so users can understand the state, make the right decision and complete the task confidently.","The product ignores research confidence, increasing confusion, user effort, accessibility risk or operational friction.","Relevant to broker portals, PAS workflows, quote-and-buy journeys, customer portals, claims, documents, MTAs and servicing tasks.","Apply with context. PAS users may need dense data, shortcuts and persistent workflow context; clarity should support speed, not hide useful information.","SUS, CES, task success, error rate, confidence score.","Can a user complete this workflow with appropriate research confidence without unnecessary confusion, friction or risk?",145
Usability testing rounds,usability-testing-rounds,Research & measurement,Research & measurement,"Usability testing rounds is an experience quality consideration within research & measurement that affects how users understand, navigate or complete work.","Measurement makes UX visible. SUS, task success, time-on-task and error rate give teams ways to compare and track experience quality.","MeasuringU, NN/g, CX research",High,"Earlier issue discovery, clearer prioritisation and reduced late-stage rework.",Evidence Value,"May reduce rework, support demand, task time, user error, accessibility risk or design inconsistency depending on the workflow volume and severity.","The product applies usability testing rounds deliberately within the workflow so users can understand the state, make the right decision and complete the task confidently.","The product ignores usability testing rounds, increasing confusion, user effort, accessibility risk or operational friction.","Relevant to broker portals, PAS workflows, quote-and-buy journeys, customer portals, claims, documents, MTAs and servicing tasks.","Apply with context. PAS users may need dense data, shortcuts and persistent workflow context; clarity should support speed, not hide useful information.","SUS, CES, task success, error rate, confidence score.","Can a user complete this workflow with appropriate usability testing rounds without unnecessary confusion, friction or risk?",146
Design system adoption,design-system-adoption,Governance & standards,Governance & standards,"Design system adoption is an experience quality consideration within governance & standards that affects how users understand, navigate or complete work.","Design systems and quality gates reduce inconsistency, repeated decisions and downstream rework.",Design system and operational governance research,Medium-High,"Better consistency, fewer repeated decisions and reduced design/development churn.",Strategic Value + Reduced Rework,"May reduce rework, support demand, task time, user error, accessibility risk or design inconsistency depending on the workflow volume and severity.","The product applies design system adoption deliberately within the workflow so users can understand the state, make the right decision and complete the task confidently.","The product ignores design system adoption, increasing confusion, user effort, accessibility risk or operational friction.","Relevant to broker portals, PAS workflows, quote-and-buy journeys, customer portals, claims, documents, MTAs and servicing tasks.","Apply with context. PAS users may need dense data, shortcuts and persistent workflow context; clarity should support speed, not hide useful information.","component adoption, UX debt items, review findings, reopened defects.","Can a user complete this workflow with appropriate design system adoption without unnecessary confusion, friction or risk?",147
Component reuse,component-reuse,Governance & standards,Governance & standards,"Component reuse is an experience quality consideration within governance & standards that affects how users understand, navigate or complete work.","Design systems and quality gates reduce inconsistency, repeated decisions and downstream rework.",Design system and operational governance research,Medium-High,"Better consistency, fewer repeated decisions and reduced design/development churn.",Strategic Value + Reduced Rework,"May reduce rework, support demand, task time, user error, accessibility risk or design inconsistency depending on the workflow volume and severity.","The product applies component reuse deliberately within the workflow so users can understand the state, make the right decision and complete the task confidently.","The product ignores component reuse, increasing confusion, user effort, accessibility risk or operational friction.","Relevant to broker portals, PAS workflows, quote-and-buy journeys, customer portals, claims, documents, MTAs and servicing tasks.","Apply with context. PAS users may need dense data, shortcuts and persistent workflow context; clarity should support speed, not hide useful information.","component adoption, UX debt items, review findings, reopened defects.","Can a user complete this workflow with appropriate component reuse without unnecessary confusion, friction or risk?",148
Pattern governance,pattern-governance,Governance & standards,Governance & standards,"Pattern governance is an experience quality consideration within governance & standards that affects how users understand, navigate or complete work.","Design systems and quality gates reduce inconsistency, repeated decisions and downstream rework.",Design system and operational governance research,Medium-High,"Better consistency, fewer repeated decisions and reduced design/development churn.",Strategic Value + Reduced Rework,"May reduce rework, support demand, task time, user error, accessibility risk or design inconsistency depending on the workflow volume and severity.","The product applies pattern governance deliberately within the workflow so users can understand the state, make the right decision and complete the task confidently.","The product ignores pattern governance, increasing confusion, user effort, accessibility risk or operational friction.","Relevant to broker portals, PAS workflows, quote-and-buy journeys, customer portals, claims, documents, MTAs and servicing tasks.","Apply with context. PAS users may need dense data, shortcuts and persistent workflow context; clarity should support speed, not hide useful information.","component adoption, UX debt items, review findings, reopened defects.","Can a user complete this workflow with appropriate pattern governance without unnecessary confusion, friction or risk?",149
Accessibility debt register,accessibility-debt-register,Governance & standards,Governance & standards,"Accessibility debt register is an experience quality consideration within governance & standards that affects how users understand, navigate or complete work.","Design systems and quality gates reduce inconsistency, repeated decisions and downstream rework.",Design system and operational governance research,Medium-High,"Better consistency, fewer repeated decisions and reduced design/development churn.",Strategic Value + Reduced Rework,"May reduce rework, support demand, task time, user error, accessibility risk or design inconsistency depending on the workflow volume and severity.","The product applies accessibility debt register deliberately within the workflow so users can understand the state, make the right decision and complete the task confidently.","The product ignores accessibility debt register, increasing confusion, user effort, accessibility risk or operational friction.","Relevant to broker portals, PAS workflows, quote-and-buy journeys, customer portals, claims, documents, MTAs and servicing tasks.","Apply with context. PAS users may need dense data, shortcuts and persistent workflow context; clarity should support speed, not hide useful information.","component adoption, UX debt items, review findings, reopened defects.","Can a user complete this workflow with appropriate accessibility debt register without unnecessary confusion, friction or risk?",150
UX debt register,ux-debt-register,Governance & standards,Governance & standards,"UX debt register is an experience quality consideration within governance & standards that affects how users understand, navigate or complete work.","Design systems and quality gates reduce inconsistency, repeated decisions and downstream rework.",Design system and operational governance research,Medium-High,"Better consistency, fewer repeated decisions and reduced design/development churn.",Strategic Value + Reduced Rework,"May reduce rework, support demand, task time, user error, accessibility risk or design inconsistency depending on the workflow volume and severity.","The product applies ux debt register deliberately within the workflow so users can understand the state, make the right decision and complete the task confidently.","The product ignores ux debt register, increasing confusion, user effort, accessibility risk or operational friction.","Relevant to broker portals, PAS workflows, quote-and-buy journeys, customer portals, claims, documents, MTAs and servicing tasks.","Apply with context. PAS users may need dense data, shortcuts and persistent workflow context; clarity should support speed, not hide useful information.","component adoption, UX debt items, review findings, reopened defects.","Can a user complete this workflow with appropriate ux debt register without unnecessary confusion, friction or risk?",151
Design review quality gates,design-review-quality-gates,Governance & standards,Governance & standards,"Design review quality gates is an experience quality consideration within governance & standards that affects how users understand, navigate or complete work.","Design systems and quality gates reduce inconsistency, repeated decisions and downstream rework.",Design system and operational governance research,Medium-High,"Better consistency, fewer repeated decisions and reduced design/development churn.",Strategic Value + Reduced Rework,"May reduce rework, support demand, task time, user error, accessibility risk or design inconsistency depending on the workflow volume and severity.","The product applies design review quality gates deliberately within the workflow so users can understand the state, make the right decision and complete the task confidently.","The product ignores design review quality gates, increasing confusion, user effort, accessibility risk or operational friction.","Relevant to broker portals, PAS workflows, quote-and-buy journeys, customer portals, claims, documents, MTAs and servicing tasks.","Apply with context. PAS users may need dense data, shortcuts and persistent workflow context; clarity should support speed, not hide useful information.","component adoption, UX debt items, review findings, reopened defects.","Can a user complete this workflow with appropriate design review quality gates without unnecessary confusion, friction or risk?",152
Pre-release UX checks,pre-release-ux-checks,Governance & standards,Governance & standards,"Pre-release UX checks is an experience quality consideration within governance & standards that affects how users understand, navigate or complete work.","Design systems and quality gates reduce inconsistency, repeated decisions and downstream rework.",Design system and operational governance research,Medium-High,"Better consistency, fewer repeated decisions and reduced design/development churn.",Strategic Value + Reduced Rework,"May reduce rework, support demand, task time, user error, accessibility risk or design inconsistency depending on the workflow volume and severity.","The product applies pre-release ux checks deliberately within the workflow so users can understand the state, make the right decision and complete the task confidently.","The product ignores pre-release ux checks, increasing confusion, user effort, accessibility risk or operational friction.","Relevant to broker portals, PAS workflows, quote-and-buy journeys, customer portals, claims, documents, MTAs and servicing tasks.","Apply with context. PAS users may need dense data, shortcuts and persistent workflow context; clarity should support speed, not hide useful information.","component adoption, UX debt items, review findings, reopened defects.","Can a user complete this workflow with appropriate pre-release ux checks without unnecessary confusion, friction or risk?",153
Journey complexity scoring,journey-complexity-scoring,Governance & standards,Governance & standards,"Journey complexity scoring is an experience quality consideration within governance & standards that affects how users understand, navigate or complete work.","Design systems and quality gates reduce inconsistency, repeated decisions and downstream rework.",Design system and operational governance research,Medium-High,"Better consistency, fewer repeated decisions and reduced design/development churn.",Strategic Value + Reduced Rework,"May reduce rework, support demand, task time, user error, accessibility risk or design inconsistency depending on the workflow volume and severity.","The product applies journey complexity scoring deliberately within the workflow so users can understand the state, make the right decision and complete the task confidently.","The product ignores journey complexity scoring, increasing confusion, user effort, accessibility risk or operational friction.","Relevant to broker portals, PAS workflows, quote-and-buy journeys, customer portals, claims, documents, MTAs and servicing tasks.","Apply with context. PAS users may need dense data, shortcuts and persistent workflow context; clarity should support speed, not hide useful information.","component adoption, UX debt items, review findings, reopened defects.","Can a user complete this workflow with appropriate journey complexity scoring without unnecessary confusion, friction or risk?",154
Evidence-based prioritisation,evidence-based-prioritisation,Governance & standards,Governance & standards,"Evidence-based prioritisation is an experience quality consideration within governance & standards that affects how users understand, navigate or complete work.","Design systems and quality gates reduce inconsistency, repeated decisions and downstream rework.",Design system and operational governance research,Medium-High,"Better consistency, fewer repeated decisions and reduced design/development churn.",Strategic Value + Reduced Rework,"May reduce rework, support demand, task time, user error, accessibility risk or design inconsistency depending on the workflow volume and severity.","The product applies evidence-based prioritisation deliberately within the workflow so users can understand the state, make the right decision and complete the task confidently.","The product ignores evidence-based prioritisation, increasing confusion, user effort, accessibility risk or operational friction.","Relevant to broker portals, PAS workflows, quote-and-buy journeys, customer portals, claims, documents, MTAs and servicing tasks.","Apply with context. PAS users may need dense data, shortcuts and persistent workflow context; clarity should support speed, not hide useful information.","component adoption, UX debt items, review findings, reopened defects.","Can a user complete this workflow with appropriate evidence-based prioritisation without unnecessary confusion, friction or risk?",155
Continuous learning loops,continuous-learning-loops,Governance & standards,Governance & standards,"Continuous learning loops is an experience quality consideration within governance & standards that affects how users understand, navigate or complete work.","Design systems and quality gates reduce inconsistency, repeated decisions and downstream rework.",Design system and operational governance research,Medium-High,"Better consistency, fewer repeated decisions and reduced design/development churn.",Strategic Value + Reduced Rework,"May reduce rework, support demand, task time, user error, accessibility risk or design inconsistency depending on the workflow volume and severity.","The product applies continuous learning loops deliberately within the workflow so users can understand the state, make the right decision and complete the task confidently.","The product ignores continuous learning loops, increasing confusion, user effort, accessibility risk or operational friction.","Relevant to broker portals, PAS workflows, quote-and-buy journeys, customer portals, claims, documents, MTAs and servicing tasks.","Apply with context. PAS users may need dense data, shortcuts and persistent workflow context; clarity should support speed, not hide useful information.","component adoption, UX debt items, review findings, reopened defects.","Can a user complete this workflow with appropriate continuous learning loops without unnecessary confusion, friction or risk?",156
